airline,origin_city,origin_iata_code,destination_city,destination_iata_code,direct,active,seasonal_route,start_date
AS,Albuquerque,ABQ,Anchorage,ANC,FALSE,TRUE,,
AS,Albuquerque,ABQ,Portland,PDX,TRUE,TRUE,,
AS,Albuquerque,ABQ,Seattle,SEA,TRUE,TRUE,,
AS,Albuquerque,ABQ,San Francisco,SFO,FALSE,TRUE,,
AS,Albuquerque,ABQ,Santa Ana,SNA,FALSE,TRUE,,
AS,Adak,ADK,Anchorage,ANC,TRUE,TRUE,,
AS,Adak,ADK,Seattle,SEA,FALSE,TRUE,,
AS,Kodiak,ADQ,Anchorage,ANC,TRUE,TRUE,,
AS,Kodiak,ADQ,Bozeman,BZN,FALSE,TRUE,,
AS,Kodiak,ADQ,Ontario,ONT,FALSE,TRUE,,
AS,Kodiak,ADQ,Redding,RDD,FALSE,TRUE,,
AS,Kodiak,ADQ,Reno,RNO,FALSE,TRUE,,
AS,Kodiak,ADQ,San Luis Obispo,SBP,FALSE,TRUE,,
AS,Kodiak,ADQ,Seattle,SEA,FALSE,TRUE,,
AS,Kodiak,ADQ,Sacramento,SMF,FALSE,TRUE,,
AS,Kodiak,ADQ,Santa Rosa,STS,FALSE,TRUE,,
AS,King Salmon,AKN,Anchorage,ANC,TRUE,TRUE,,
AS,King Salmon,AKN,Bozeman,BZN,FALSE,TRUE,,
AS,King Salmon,AKN,Dillingham,DLG,TRUE,TRUE,,
AS,King Salmon,AKN,Ontario,ONT,FALSE,TRUE,,
AS,King Salmon,AKN,Redding,RDD,FALSE,TRUE,,
AS,King Salmon,AKN,Reno,RNO,FALSE,TRUE,,
AS,King Salmon,AKN,Seattle,SEA,FALSE,TRUE,,
AS,King Salmon,AKN,Sacramento,SMF,FALSE,TRUE,,
AS,King Salmon,AKN,Santa Rosa,STS,FALSE,TRUE,,
AS,Walla Walla,ALW,Seattle,SEA,TRUE,TRUE,,
AS,Anchorage,ANC,Albuquerque,ABQ,FALSE,TRUE,,
AS,Anchorage,ANC,Adak,ADK,TRUE,TRUE,,
AS,Anchorage,ANC,Kodiak,ADQ,TRUE,TRUE,,
AS,Anchorage,ANC,King Salmon,AKN,TRUE,TRUE,,
AS,Anchorage,ANC,Atlanta,ATL,FALSE,TRUE,,
AS,Anchorage,ANC,Austin,AUS,FALSE,TRUE,,
AS,Anchorage,ANC,Bethel,BET,TRUE,TRUE,,
AS,Anchorage,ANC,Nashville,BNA,FALSE,TRUE,,
AS,Anchorage,ANC,Boise,BOI,FALSE,TRUE,,
AS,Anchorage,ANC,Boston,BOS,FALSE,TRUE,,
AS,Anchorage,ANC,Barrow,BRW,TRUE,TRUE,,
AS,Anchorage,ANC,Baltimore,BWI,FALSE,TRUE,,
AS,Anchorage,ANC,Bozeman,BZN,FALSE,TRUE,,
AS,Anchorage,ANC,Cordova,CDV,TRUE,TRUE,,
AS,Anchorage,ANC,Columbus,CMH,FALSE,TRUE,,
AS,Anchorage,ANC,"Washington, D.C.",DCA,FALSE,TRUE,,
AS,Anchorage,ANC,Denver,DEN,TRUE,TRUE,TRUE,
AS,Anchorage,ANC,Dallas,DFW,FALSE,TRUE,,
AS,Anchorage,ANC,Dillingham,DLG,TRUE,TRUE,,
AS,Anchorage,ANC,Detroit,DTW,TRUE,TRUE,,6/14/2025
AS,Anchorage,ANC,Dutch Harbor,DUT,FALSE,TRUE,,
AS,Anchorage,ANC,Newark,EWR,FALSE,TRUE,,
AS,Anchorage,ANC,Fairbanks,FAI,TRUE,TRUE,,
AS,Anchorage,ANC,Fort Lauderdale,FLL,FALSE,TRUE,,
AS,Anchorage,ANC,Spokane,GEG,FALSE,TRUE,,
AS,Anchorage,ANC,Honolulu,HNL,TRUE,TRUE,,
AS,Anchorage,ANC,"Washington, D.C.",IAD,FALSE,TRUE,,
AS,Anchorage,ANC,Houston,IAH,FALSE,TRUE,,
AS,Anchorage,ANC,Indianapolis,IND,FALSE,TRUE,,
AS,Anchorage,ANC,New York,JFK,TRUE,TRUE,TRUE,
AS,Anchorage,ANC,Juneau,JNU ,TRUE,TRUE,,
AS,Anchorage,ANC,Kona,KOA,TRUE,TRUE,TRUE,
AS,Anchorage,ANC,Ketchikan,KTN,FALSE,TRUE,,
AS,Anchorage,ANC,Las Vegas,LAS,TRUE,TRUE,,
AS,Anchorage,ANC,Los Angeles,LAX,TRUE,TRUE,,
AS,Anchorage,ANC,Kansas City,MCI,FALSE,TRUE,,
AS,Anchorage,ANC,Orlando,MCO,FALSE,TRUE,,
AS,Anchorage,ANC,Minneapolis–Saint Paul,MSP,TRUE,TRUE,TRUE,
AS,Anchorage,ANC,New Orleans,MSY,FALSE,TRUE,,
AS,Anchorage,ANC,Oakland,OAK,FALSE,TRUE,,
AS,Anchorage,ANC,Maui,OGG,TRUE,TRUE,TRUE,
AS,Anchorage,ANC,Oklahoma City,OKC,FALSE,TRUE,,
AS,Anchorage,ANC,Omaha,OMA,FALSE,TRUE,,
AS,Anchorage,ANC,Nome,OME,TRUE,TRUE,,
AS,Anchorage,ANC,Ontario,ONT,FALSE,TRUE,,
AS,Anchorage,ANC,Chicago,ORD,TRUE,TRUE,,
AS,Anchorage,ANC,Kotzebue,OTZ,TRUE,TRUE,,
AS,Anchorage,ANC,Everett,PAE,TRUE,TRUE,,
AS,Anchorage,ANC,Portland,PDX,TRUE,TRUE,,
AS,Anchorage,ANC,Philadelphia,PHL,FALSE,TRUE,,
AS,Anchorage,ANC,Phoenix,PHX,TRUE,TRUE,,
AS,Anchorage,ANC,Pittsburgh,PIT,FALSE,TRUE,,
AS,Anchorage,ANC,Palm Springs,PSP,FALSE,TRUE,,
AS,Anchorage,ANC,Redding,RDD,FALSE,TRUE,,
AS,Anchorage,ANC,Reno,RNO,FALSE,TRUE,,
AS,Anchorage,ANC,San Diego,SAN,TRUE,TRUE,TRUE,
AS,Anchorage,ANC,San Antonio,SAT,FALSE,TRUE,,
AS,Anchorage,ANC,San Luis Obispo,SBP,FALSE,TRUE,,
AS,Anchorage,ANC,Prudhoe Bay,SCC,TRUE,TRUE,,
AS,Anchorage,ANC,Seattle,SEA,TRUE,TRUE,,
AS,Anchorage,ANC,San Francisco,SFO,TRUE,TRUE,TRUE,
AS,Anchorage,ANC,Sitka,SIT,FALSE,TRUE,,
AS,Anchorage,ANC,San Jose (CA),SJC,FALSE,TRUE,,
AS,Anchorage,ANC,Salt Lake City,SLC,TRUE,TRUE,TRUE,
AS,Anchorage,ANC,Sacramento,SMF,TRUE,TRUE,,6/14/2025
AS,Anchorage,ANC,Santa Ana,SNA,FALSE,TRUE,,
AS,Anchorage,ANC,Saint Louis,STL,FALSE,TRUE,,
AS,Anchorage,ANC,Santa Rosa,STS,FALSE,TRUE,,
AS,Anchorage,ANC,Tampa,TPA,FALSE,TRUE,,
AS,Atlanta,ATL,Anchorage,ANC,FALSE,TRUE,,
AS,Atlanta,ATL,Charleston,CHS,FALSE,FALSE,,
AS,Atlanta,ATL,Fairbanks,FAI,FALSE,TRUE,,
AS,Atlanta,ATL,Fresno,FAT,FALSE,TRUE,,
AS,Atlanta,ATL,Kona,KOA,FALSE,TRUE,,
AS,Atlanta,ATL,Los Angeles,LAX,FALSE,TRUE,,
AS,Atlanta,ATL,Maui,OGG,FALSE,TRUE,,
AS,Atlanta,ATL,Portland,PDX,TRUE,TRUE,,10/1/2024
AS,Atlanta,ATL,San Diego,SAN,TRUE,TRUE,,
AS,Atlanta,ATL,Seattle,SEA,TRUE,TRUE,,
AS,Atlanta,ATL,Vancouver,YVR,FALSE,TRUE,,
AS,Austin,AUS,Anchorage,ANC,FALSE,TRUE,,
AS,Austin,AUS,Boise,BOI,FALSE,TRUE,,
AS,Austin,AUS,Los Angeles,LAX,FALSE,TRUE,,
AS,Austin,AUS,Portland,PDX,TRUE,TRUE,,
AS,Austin,AUS,Palm Springs,PSP,FALSE,TRUE,,
AS,Austin,AUS,Redding,RDD,FALSE,TRUE,,
AS,Austin,AUS,San Diego,SAN,TRUE,TRUE,,
AS,Austin,AUS,Seattle,SEA,TRUE,TRUE,,
AS,Austin,AUS,San Francisco,SFO,TRUE,TRUE,,
AS,Austin,AUS,San Jose (CA),SJC,FALSE,TRUE,,
AS,Bethel,BET,Anchorage,ANC,TRUE,TRUE,,
AS,Bethel,BET,Bozeman,BZN,FALSE,TRUE,,
AS,Bethel,BET,Ontario,ONT,FALSE,TRUE,,
AS,Bethel,BET,Redding,RDD,FALSE,TRUE,,
AS,Bethel,BET,Reno,RNO,FALSE,TRUE,,
AS,Bethel,BET,Seattle,SEA,FALSE,TRUE,,
AS,Bethel,BET,Sacramento,SMF,FALSE,TRUE,,
AS,Bethel,BET,Santa Rosa,STS,FALSE,TRUE,,
AS,Billings,BIL,Portland,PDX,TRUE,TRUE,TRUE,
AS,Billings,BIL,Seattle,SEA,TRUE,TRUE,,
AS,Bellingham,BLI,Anchorage,ANC,FALSE,TRUE,,
AS,Bellingham,BLI,Austin,AUS,FALSE,TRUE,,
AS,Bellingham,BLI,Bozeman,BZN,FALSE,TRUE,,
AS,Bellingham,BLI,Columbus,CMH,FALSE,TRUE,,
AS,Bellingham,BLI,Denver,DEN,FALSE,TRUE,,
AS,Bellingham,BLI,Detroit,DTW,FALSE,TRUE,,
AS,Bellingham,BLI,Honolulu,HNL,FALSE,TRUE,,
AS,Bellingham,BLI,Kona,KOA,FALSE,TRUE,,
AS,Bellingham,BLI,Las Vegas,LAS,FALSE,TRUE,,
AS,Bellingham,BLI,Lihue,LIH,FALSE,TRUE,,
AS,Bellingham,BLI,Oakland,OAK,FALSE,TRUE,,
AS,Bellingham,BLI,Maui,OGG,FALSE,TRUE,,
AS,Bellingham,BLI,Portland,PDX,FALSE,TRUE,,
AS,Bellingham,BLI,Pittsburgh,PIT,FALSE,TRUE,,
AS,Bellingham,BLI,Reno,RNO,FALSE,TRUE,,
AS,Bellingham,BLI,Seattle,SEA,TRUE,TRUE,,
AS,Bellingham,BLI,San Jose (CA),SJC,FALSE,TRUE,,
AS,Bellingham,BLI,Sacramento,SMF,FALSE,TRUE,,
AS,Bellingham,BLI,Santa Ana,SNA,FALSE,TRUE,,
AS,Bellingham,BLI,Saint Louis,STL,FALSE,TRUE,,
AS,Nashville,BNA,Anchorage,ANC,FALSE,TRUE,,
AS,Nashville,BNA,Ontario,ONT,FALSE,TRUE,,
AS,Nashville,BNA,Portland,PDX,TRUE,TRUE,,
AS,Nashville,BNA,Redding,RDD,FALSE,TRUE,,
AS,Nashville,BNA,Seattle,SEA,TRUE,TRUE,,
AS,Nashville,BNA,San Francisco,SFO,FALSE,TRUE,,
AS,Boise,BOI,Anchorage,ANC,FALSE,TRUE,,
AS,Boise,BOI,Austin,AUS,FALSE,TRUE,,
AS,Boise,BOI,Burbank,BUR,TRUE,TRUE,,
AS,Boise,BOI,Bozeman,BZN,TRUE,TRUE,TRUE,12/19/2024
AS,Boise,BOI,Bozeman,BZN,TRUE,TRUE,TRUE,
AS,Boise,BOI,Columbus,CMH,FALSE,TRUE,,
AS,Boise,BOI,Dallas,DFW,FALSE,TRUE,,
AS,Boise,BOI,Fresno,FAT,FALSE,TRUE,,
AS,Boise,BOI,Spokane,GEG,TRUE,TRUE,,
AS,Boise,BOI,Honolulu,HNL,FALSE,TRUE,,
AS,Boise,BOI,Idaho Falls,IDA,FALSE,FALSE,,
AS,Boise,BOI,Kona,KOA,FALSE,TRUE,,
AS,Boise,BOI,Las Vegas,LAS,FALSE,TRUE,,
AS,Boise,BOI,Los Angeles,LAX,TRUE,TRUE,,
AS,Boise,BOI,Lihue,LIH,FALSE,TRUE,,
AS,Boise,BOI,Orlando,MCO,TRUE,TRUE,TRUE,1/7/2025
AS,Boise,BOI,Medford,MFR,FALSE,TRUE,,
AS,Boise,BOI,Maui,OGG,FALSE,TRUE,,
AS,Boise,BOI,Chicago,ORD,FALSE,TRUE,,
AS,Boise,BOI,Everett,PAE,FALSE,TRUE,,
AS,Boise,BOI,Portland,PDX,TRUE,TRUE,,
AS,Boise,BOI,Phoenix,PHX,TRUE,TRUE,,
AS,Boise,BOI,Pittsburgh,PIT,FALSE,TRUE,,
AS,Boise,BOI,Palm Springs,PSP,TRUE,TRUE,TRUE,
AS,Boise,BOI,Pullman,PUW,TRUE,TRUE,,
AS,Boise,BOI,Reno,RNO,FALSE,TRUE,,
AS,Boise,BOI,San Diego,SAN,TRUE,TRUE,,
AS,Boise,BOI,San Luis Obispo,SBP,FALSE,TRUE,,
AS,Boise,BOI,Seattle,SEA,TRUE,TRUE,,
AS,Boise,BOI,San Francisco,SFO,TRUE,TRUE,,
AS,Boise,BOI,San Jose (CA),SJC,TRUE,TRUE,,
AS,Boise,BOI,Salt Lake City,SLC,FALSE,TRUE,,
AS,Boise,BOI,Sacramento,SMF,TRUE,TRUE,,
AS,Boise,BOI,Santa Ana,SNA,TRUE,TRUE,,12/19/2024
AS,Boise,BOI,Vancouver,YVR,FALSE,TRUE,,
AS,Boston,BOS,Anchorage,ANC,FALSE,TRUE,,
AS,Boston,BOS,Fairbanks,FAI,FALSE,TRUE,,
AS,Boston,BOS,Spokane,GEG,FALSE,TRUE,,
AS,Boston,BOS,Los Angeles,LAX,FALSE,TRUE,,
AS,Boston,BOS,Portland,PDX,TRUE,TRUE,,
AS,Boston,BOS,San Diego,SAN,TRUE,TRUE,,
AS,Boston,BOS,San Luis Obispo,SBP,FALSE,TRUE,,
AS,Boston,BOS,Seattle,SEA,TRUE,TRUE,,
AS,Boston,BOS,San Francisco,SFO,TRUE,TRUE,,
AS,Barrow,BRW,Anchorage,ANC,TRUE,TRUE,,
AS,Barrow,BRW,Bozeman,BZN,FALSE,TRUE,,
AS,Barrow,BRW,Fairbanks,FAI,FALSE,TRUE,,
AS,Barrow,BRW,Ontario,ONT,FALSE,TRUE,,
AS,Barrow,BRW,Redding,RDD,FALSE,TRUE,,
AS,Barrow,BRW,Reno,RNO,FALSE,TRUE,,
AS,Barrow,BRW,Prudhoe Bay,SCC,FALSE,TRUE,,
AS,Barrow,BRW,Sacramento,SMF,FALSE,TRUE,,
AS,Barrow,BRW,Santa Rosa,STS,FALSE,TRUE,,
AS,Burbank,BUR,Boise,BOI,TRUE,TRUE,,
AS,Burbank,BUR,Spokane,GEG,FALSE,TRUE,,
AS,Burbank,BUR,Portland,PDX,TRUE,TRUE,,
AS,Burbank,BUR,Pasco,PSC,FALSE,TRUE,,
AS,Burbank,BUR,Seattle,SEA,TRUE,TRUE,,
AS,Burbank,BUR,San Francisco,SFO,TRUE,TRUE,,
AS,Burbank,BUR,San Jose (CA),SJC,FALSE,TRUE,,
AS,Burbank,BUR,Santa Rosa,STS,TRUE,TRUE,,
AS,Baltimore,BWI,Anchorage,ANC,FALSE,TRUE,,
AS,Baltimore,BWI,Eugene,EUG,FALSE,TRUE,,
AS,Baltimore,BWI,Honolulu,HNL,FALSE,TRUE,,
AS,Baltimore,BWI,Los Angeles,LAX,FALSE,TRUE,,
AS,Baltimore,BWI,Portland,PDX,FALSE,TRUE,,
AS,Baltimore,BWI,Pittsburgh,PIT,TRUE,FALSE,,
AS,Baltimore,BWI,Pasco,PSC,FALSE,TRUE,,
AS,Baltimore,BWI,Seattle,SEA,TRUE,TRUE,,
AS,Baltimore,BWI,San Francisco,SFO,FALSE,TRUE,,
AS,Belize City,BZE,Los Angeles,LAX,TRUE,TRUE,,
AS,Belize City,BZE,Seattle,SEA,TRUE,TRUE,TRUE,
AS,Bozeman,BZN,Kodiak,ADQ,FALSE,TRUE,,
AS,Bozeman,BZN,King Salmon,AKN,FALSE,TRUE,,
AS,Bozeman,BZN,Anchorage,ANC,FALSE,TRUE,,
AS,Bozeman,BZN,Bethel,BET,FALSE,TRUE,,
AS,Bozeman,BZN,Boise,BOI,TRUE,TRUE,TRUE,
AS,Bozeman,BZN,Barrow,BRW,FALSE,TRUE,,
AS,Bozeman,BZN,Cordova,CDV,FALSE,TRUE,,
AS,Bozeman,BZN,Dillingham,DLG,FALSE,TRUE,,
AS,Bozeman,BZN,Fairbanks,FAI,FALSE,TRUE,,
AS,Bozeman,BZN,Houston,IAH,FALSE,TRUE,,
AS,Bozeman,BZN,Juneau,JNU,FALSE,TRUE,,
AS,Bozeman,BZN,Ketchikan,KTN,FALSE,TRUE,,
AS,Bozeman,BZN,Los Angeles,LAX,FALSE,TRUE,,
AS,Bozeman,BZN,Nome,OME,FALSE,TRUE,,
AS,Bozeman,BZN,Kotzebue,OTZ,FALSE,TRUE,,
AS,Bozeman,BZN,Portland,PDX,TRUE,TRUE,,
AS,Bozeman,BZN,Petersburg,PSG,FALSE,TRUE,,
AS,Bozeman,BZN,Redding,RDD,FALSE,TRUE,,
AS,Bozeman,BZN,San Diego,SAN,TRUE,TRUE,TRUE,
AS,Bozeman,BZN,San Luis Obispo,SBP,FALSE,TRUE,,
AS,Bozeman,BZN,Seattle,SEA,TRUE,TRUE,,
AS,Bozeman,BZN,San Francisco,SFO,TRUE,TRUE,TRUE,
AS,Bozeman,BZN,Sitka,SIT,FALSE,TRUE,,
AS,Bozeman,BZN,Santa Ana,SNA,FALSE,TRUE,,
AS,Bozeman,BZN,Wrangell,WRG,FALSE,TRUE,,
AS,Bozeman,BZN,Yakutat,YAK,FALSE,TRUE,,
AS,Cordova,CDV,Anchorage,ANC,TRUE,TRUE,,
AS,Cordova,CDV,Bozeman,BZN,FALSE,TRUE,,
AS,Cordova,CDV,Ontario,ONT,FALSE,TRUE,,
AS,Cordova,CDV,Redding,RDD,FALSE,TRUE,,
AS,Cordova,CDV,Reno,RNO,FALSE,TRUE,,
AS,Cordova,CDV,Seattle,SEA,FALSE,TRUE,,
AS,Cordova,CDV,Sacramento,SMF,FALSE,TRUE,,
AS,Cordova,CDV,Santa Rosa,STS,FALSE,TRUE,,
AS,Cordova,CDV,Yakutat,YAK,TRUE,TRUE,,
AS,Charleston,CHS,Atlanta,ATL,FALSE,FALSE,,
AS,Charleston,CHS,Portland,PDX,FALSE,TRUE,,
AS,Charleston,CHS,Seattle,SEA,TRUE,TRUE,,
AS,Cleveland,CLE,Seattle,SEA,TRUE,TRUE,,
AS,Columbus,CMH,Anchorage,ANC,FALSE,TRUE,,
AS,Columbus,CMH,Bellingham,BLI,FALSE,TRUE,,
AS,Columbus,CMH,Boise,BOI,FALSE,TRUE,,
AS,Columbus,CMH,Fairbanks,FAI,FALSE,TRUE,,
AS,Columbus,CMH,Spokane,GEG,FALSE,TRUE,,
AS,Columbus,CMH,Los Angeles,LAX,FALSE,TRUE,,
AS,Columbus,CMH,Medford,MFR,FALSE,TRUE,,
AS,Columbus,CMH,Portland,PDX,FALSE,TRUE,,
AS,Columbus,CMH,Redmond,RDM,FALSE,TRUE,,
AS,Columbus,CMH,Seattle,SEA,TRUE,TRUE,,
AS,Columbus,CMH,San Francisco,SFO,FALSE,TRUE,,
AS,Cancun,CUN,Los Angeles,LAX,TRUE,TRUE,,
AS,Cancun,CUN,Kansas City,MCI,TRUE,TRUE,TRUE,1/18/2025
AS,Cancun,CUN,Portland,PDX,TRUE,TRUE,TRUE,
AS,Cancun,CUN,Seattle,SEA,TRUE,TRUE,,
AS,Cancun,CUN,San Francisco,SFO,TRUE,TRUE,TRUE,
AS,Cincinnati,CVG,Seattle,SEA,TRUE,TRUE,,
AS,Dallas,DAL,Seattle,SEA,TRUE,TRUE,,
AS,"Washington, D.C.",DCA,Anchorage,ANC,FALSE,TRUE,,
AS,"Washington, D.C.",DCA,Spokane,GEG,FALSE,TRUE,,
AS,"Washington, D.C.",DCA,Los Angeles,LAX,TRUE,TRUE,,
AS,"Washington, D.C.",DCA,Portland,PDX,TRUE,TRUE,,
AS,"Washington, D.C.",DCA,Seattle,SEA,TRUE,TRUE,,
AS,"Washington, D.C.",DCA,San Francisco,SFO,TRUE,TRUE,,
AS,Denver,DEN,Anchorage,ANC,TRUE,TRUE,TRUE,
AS,Denver,DEN,Fairbanks,FAI,FALSE,TRUE,,
AS,Denver,DEN,Honolulu,HNL,FALSE,TRUE,,
AS,Denver,DEN,Juneau,JNU,FALSE,TRUE,,
AS,Denver,DEN,Ketchikan,KTN,FALSE,TRUE,,
AS,Denver,DEN,Maui,OGG,FALSE,TRUE,,
AS,Denver,DEN,Portland,PDX,TRUE,TRUE,,
AS,Denver,DEN,Philadelphia,PHL,FALSE,TRUE,,
AS,Denver,DEN,Phoenix,PHX,FALSE,TRUE,,
AS,Denver,DEN,Redding,RDD,FALSE,TRUE,,
AS,Denver,DEN,Seattle,SEA,TRUE,TRUE,,
AS,Denver,DEN,San Francisco,SFO,FALSE,TRUE,,
AS,Denver,DEN,Sitka,SIT,FALSE,TRUE,,
AS,Denver,DEN,,SAN,TRUE,TRUE,,10/4/2025
AS,Dallas,DFW,Anchorage,ANC,FALSE,TRUE,,
AS,Dallas,DFW,Boise,BOI,FALSE,TRUE,,
AS,Dallas,DFW,Denver,DEN,FALSE,TRUE,,
AS,Dallas,DFW,Fairbanks,FAI,FALSE,TRUE,,
AS,Dallas,DFW,Kalispell,FCA,FALSE,TRUE,,
AS,Dallas,DFW,Spokane,GEG,FALSE,TRUE,,
AS,Dallas,DFW,Honolulu,HNL,FALSE,TRUE,,
AS,Dallas,DFW,Las Vegas,LAS,FALSE,TRUE,,
AS,Dallas,DFW,Los Angeles,LAX,FALSE,TRUE,,
AS,Dallas,DFW,New Orleans,MSY,FALSE,TRUE,,
AS,Dallas,DFW,Maui,OGG,FALSE,TRUE,,
AS,Dallas,DFW,Chicago,ORD,FALSE,TRUE,,
AS,Dallas,DFW,Portland,PDX,TRUE,TRUE,,
AS,Dallas,DFW,Redding,RDD,FALSE,TRUE,,
AS,Dallas,DFW,San Luis Obispo,SBP,FALSE,TRUE,,
AS,Dallas,DFW,Seattle,SEA,TRUE,TRUE,,
AS,Dallas,DFW,San Francisco,SFO,FALSE,TRUE,,
AS,Dallas,DFW,San Jose (CA),SJC,FALSE,TRUE,,
AS,Dallas,DFW,Vancouver,YVR,FALSE,TRUE,,
AS,Dallas,DFW,San Diego,SAN,FALSE,TRUE,,
AS,Dillingham,DLG,King Salmon,AKN,TRUE,TRUE,,
AS,Dillingham,DLG,Anchorage,ANC,TRUE,TRUE,,
AS,Dillingham,DLG,Bozeman,BZN,FALSE,TRUE,,
AS,Dillingham,DLG,Ontario,ONT,FALSE,TRUE,,
AS,Dillingham,DLG,Redding,RDD,FALSE,TRUE,,
AS,Dillingham,DLG,Reno,RNO,FALSE,TRUE,,
AS,Dillingham,DLG,Seattle,SEA,FALSE,TRUE,,
AS,Dillingham,DLG,Sacramento,SMF,FALSE,TRUE,,
AS,Dillingham,DLG,Santa Rosa,STS,FALSE,TRUE,,
AS,Detroit,DTW,Portland,PDX,FALSE,TRUE,,
AS,Detroit,DTW,Seattle,SEA,TRUE,TRUE,,
AS,Detroit,DTW,Anchorage,ANC,TRUE,TRUE,,6/14/2025
AS,Dutch Harbor,DUT,Anchorage,ANC,FALSE,TRUE,,
AS,Wenatchee,EAT,Honolulu,HNL,FALSE,TRUE,,
AS,Wenatchee,EAT,Kona,KOA,FALSE,TRUE,,
AS,Wenatchee,EAT,Lihue,LIH,FALSE,TRUE,,
AS,Wenatchee,EAT,Maui,OGG,FALSE,TRUE,,
AS,Wenatchee,EAT,Seattle,SEA,TRUE,TRUE,,
AS,Vail,EGE,San Diego,SAN,TRUE,TRUE,TRUE,
AS,El Paso,ELP,Seattle,SEA,TRUE,TRUE,,
AS,Eugene,EUG,Anchorage,ANC,FALSE,TRUE,,
AS,Eugene,EUG,Burbank,BUR,FALSE,TRUE,,
AS,Eugene,EUG,Honolulu,HNL,FALSE,TRUE,,
AS,Eugene,EUG,Kona,KOA,FALSE,TRUE,,
AS,Eugene,EUG,Los Angeles,LAX,TRUE,TRUE,,
AS,Eugene,EUG,Lihue,LIH,FALSE,TRUE,,
AS,Eugene,EUG,Maui,OGG,FALSE,TRUE,,
AS,Eugene,EUG,Ontario,ONT,FALSE,TRUE,,
AS,Eugene,EUG,Phoenix,PHX,FALSE,TRUE,,
AS,Eugene,EUG,Reno,RNO,FALSE,TRUE,,
AS,Eugene,EUG,San Luis Obispo,SBP,FALSE,TRUE,,
AS,Eugene,EUG,Seattle,SEA,TRUE,TRUE,,
AS,Eugene,EUG,San Jose (CA),SJC,FALSE,TRUE,,
AS,Eugene,EUG,Santa Ana,SNA,FALSE,TRUE,,
AS,Eugene,EUG,San Diego,SAN,TRUE,TRUE,,
AS,Eugene,EUG,,PDX,TRUE,TRUE,,5/15/2025
AS,Newark,EWR,Anchorage,ANC,FALSE,TRUE,,
AS,Newark,EWR,Spokane,GEG,FALSE,TRUE,,
AS,Newark,EWR,Los Angeles,LAX,TRUE,TRUE,,
AS,Newark,EWR,Portland,PDX,TRUE,TRUE,,
AS,Newark,EWR,Redding,RDD,FALSE,TRUE,,
AS,Newark,EWR,Seattle,SEA,TRUE,TRUE,,
AS,Newark,EWR,San Francisco,SFO,TRUE,TRUE,,
AS,Newark,EWR,San Jose (CA),SJC,FALSE,TRUE,,
AS,Newark,EWR,San Diego,SAN,TRUE,TRUE,,
AS,Fairbanks,FAI,Anchorage,ANC,TRUE,TRUE,,
AS,Fairbanks,FAI,Atlanta,ATL,FALSE,TRUE,,
AS,Fairbanks,FAI,Boston,BOS,FALSE,TRUE,,
AS,Fairbanks,FAI,Barrow,BRW,FALSE,TRUE,,
AS,Fairbanks,FAI,Baltimore,BWI,FALSE,TRUE,,
AS,Fairbanks,FAI,Bozeman,BZN,FALSE,TRUE,,
AS,Fairbanks,FAI,Columbus,CMH,FALSE,TRUE,,
AS,Fairbanks,FAI,Denver,DEN,FALSE,TRUE,,
AS,Fairbanks,FAI,Dallas,DFW,FALSE,TRUE,,
AS,Fairbanks,FAI,Honolulu,HNL,FALSE,TRUE,,
AS,Fairbanks,FAI,Houston,IAH,FALSE,TRUE,,
AS,Fairbanks,FAI,New York,JFK,FALSE,TRUE,,
AS,Fairbanks,FAI,Juneau,JNU,FALSE,TRUE,,
AS,Fairbanks,FAI,Las Vegas,LAS,FALSE,TRUE,,
AS,Fairbanks,FAI,Los Angeles,LAX,FALSE,TRUE,,
AS,Fairbanks,FAI,Medford,MFR,FALSE,TRUE,,
AS,Fairbanks,FAI,Minneapolis–Saint Paul,MSP,FALSE,TRUE,,
AS,Fairbanks,FAI,New Orleans,MSY,FALSE,TRUE,,
AS,Fairbanks,FAI,Ontario,ONT,FALSE,TRUE,,
AS,Fairbanks,FAI,Chicago,ORD,FALSE,TRUE,,
AS,Fairbanks,FAI,Phoenix,PHX,FALSE,TRUE,,
AS,Fairbanks,FAI,Pittsburgh,PIT,FALSE,TRUE,,
AS,Fairbanks,FAI,Redding,RDD,FALSE,TRUE,,
AS,Fairbanks,FAI,Reno,RNO,FALSE,TRUE,,
AS,Fairbanks,FAI,Prudhoe Bay,SCC,FALSE,TRUE,,
AS,Fairbanks,FAI,Seattle,SEA,TRUE,TRUE,,
AS,Fairbanks,FAI,Salt Lake City,SLC,FALSE,TRUE,,
AS,Fairbanks,FAI,Sacramento,SMF,FALSE,TRUE,,
AS,Fairbanks,FAI,Santa Rosa,STS,FALSE,TRUE,,
AS,Fairbanks,FAI,Portland,PDX,TRUE,TRUE,,5/15/2025
AS,Fresno,FAT,Anchorage,ANC,FALSE,TRUE,,
AS,Fresno,FAT,Boise,BOI,FALSE,TRUE,,
AS,Fresno,FAT,Guadalajara,GDL,TRUE,TRUE,TRUE,12/3/2024
AS,Fresno,FAT,Spokane,GEG,FALSE,TRUE,,
AS,Fresno,FAT,Honolulu,HNL,FALSE,TRUE,,
AS,Fresno,FAT,Los Angeles,LAX,FALSE,TRUE,,
AS,Fresno,FAT,Portland,PDX,TRUE,TRUE,,
AS,Fresno,FAT,Puerto Vallarta,PVR,FALSE,TRUE,,
AS,Fresno,FAT,Seattle,SEA,TRUE,TRUE,,
AS,Fresno,FAT,San Diego,SAN,TRUE,TRUE,,
AS,Kalispell,FCA,Los Angeles,LAX,FALSE,TRUE,,
AS,Kalispell,FCA,Portland,PDX,FALSE,TRUE,,
AS,Kalispell,FCA,Raleigh,RDU,FALSE,TRUE,,
AS,Kalispell,FCA,Seattle,SEA,TRUE,TRUE,,
AS,Kalispell,FCA,San Diego,SAN,TRUE,TRUE,TRUE,
AS,Fort Lauderdale,FLL,San Diego,SAN,TRUE,TRUE,TRUE,
AS,Fort Lauderdale,FLL,Anchorage,ANC,FALSE,TRUE,,
AS,Fort Lauderdale,FLL,Los Angeles,LAX,TRUE,TRUE,TRUE,
AS,Fort Lauderdale,FLL,Portland,PDX,TRUE,TRUE,TRUE,
AS,Fort Lauderdale,FLL,Seattle,SEA,TRUE,TRUE,,
AS,Fort Lauderdale,FLL,San Francisco,SFO,TRUE,TRUE,TRUE,
AS,Guadalajara,GDL,Fresno,FAT,TRUE,TRUE,TRUE,12/3/2024
AS,Guadalajara,GDL,Los Angeles,LAX,TRUE,TRUE,,
AS,Guadalajara,GDL,San Jose (CA),SJC,TRUE,TRUE,,
AS,Spokane,GEG,Anchorage,ANC,FALSE,TRUE,,
AS,Spokane,GEG,Boise,BOI,TRUE,TRUE,,
AS,Spokane,GEG,Boston,BOS,FALSE,TRUE,,
AS,Spokane,GEG,Burbank,BUR,FALSE,TRUE,,
AS,Spokane,GEG,Columbus,CMH,FALSE,TRUE,,
AS,Spokane,GEG,"Washington, D.C.",DCA,FALSE,TRUE,,
AS,Spokane,GEG,Dallas,DFW,FALSE,TRUE,,
AS,Spokane,GEG,Newark,EWR,FALSE,TRUE,,
AS,Spokane,GEG,Honolulu,HNL,FALSE,TRUE,,
AS,Spokane,GEG,"Washington, D.C.",IAD,FALSE,TRUE,,
AS,Spokane,GEG,New York,JFK,FALSE,TRUE,,
AS,Spokane,GEG,Juneau,JNU,FALSE,TRUE,,
AS,Spokane,GEG,Kona,KOA,FALSE,TRUE,,
AS,Spokane,GEG,Las Vegas,LAS,FALSE,TRUE,,
AS,Spokane,GEG,Los Angeles,LAX,TRUE,TRUE,,
AS,Spokane,GEG,Lihue,LIH,FALSE,TRUE,,
AS,Spokane,GEG,Orlando,MCO,FALSE,TRUE,,
AS,Spokane,GEG,Oakland,OAK,FALSE,TRUE,,
AS,Spokane,GEG,Maui,OGG,FALSE,TRUE,,
AS,Spokane,GEG,Ontario,ONT,FALSE,TRUE,,
AS,Spokane,GEG,Chicago,ORD,FALSE,TRUE,,
AS,Spokane,GEG,Portland,PDX,TRUE,TRUE,,
AS,Spokane,GEG,Phoenix,PHX,FALSE,TRUE,,
AS,Spokane,GEG,Pittsburgh,PIT,FALSE,TRUE,,
AS,Spokane,GEG,Palm Springs,PSP,FALSE,TRUE,,
AS,Spokane,GEG,San Luis Obispo,SBP,FALSE,TRUE,,
AS,Spokane,GEG,Seattle,SEA,TRUE,TRUE,,
AS,Spokane,GEG,San Francisco,SFO,TRUE,TRUE,,
AS,Spokane,GEG,San Jose (CA),SJC,FALSE,TRUE,,
AS,Spokane,GEG,Cabo San Lucas,SJD,FALSE,TRUE,,
AS,Spokane,GEG,Salt Lake City,SLC,FALSE,TRUE,,
AS,Spokane,GEG,Sacramento,SMF,FALSE,TRUE,,
AS,Spokane,GEG,Santa Ana,SNA,FALSE,TRUE,,
AS,Spokane,GEG,San Diego,SAN,TRUE,TRUE,,
AS,Gustavus,GST,Juneau,JNU,TRUE,TRUE,TRUE,
AS,Great Falls,GTF,Seattle,SEA,TRUE,TRUE,,
AS,Guatemala City,GUA,Los Angeles,LAX,TRUE,TRUE,,
AS,Steamboat Springs,HDN,Seattle,SEA,TRUE,TRUE,TRUE,
AS,Steamboat Springs,HDN,San Diego,SAN,TRUE,TRUE,TRUE,
AS,Helena,HLN,Seattle,SEA,TRUE,TRUE,,
AS,Honolulu,HNL,San Diego,SAN,TRUE,TRUE,,
AS,Honolulu,HNL,Anchorage,ANC,TRUE,TRUE,,
AS,Honolulu,HNL,Bellingham,BLI,FALSE,TRUE,,
AS,Honolulu,HNL,Boise,BOI,FALSE,TRUE,,
AS,Honolulu,HNL,Baltimore,BWI,FALSE,TRUE,,
AS,Honolulu,HNL,Denver,DEN,FALSE,TRUE,,
AS,Honolulu,HNL,Dallas,DFW,FALSE,TRUE,,
AS,Honolulu,HNL,Wenatchee,EAT,FALSE,TRUE,,
AS,Honolulu,HNL,Eugene,EUG,FALSE,TRUE,,
AS,Honolulu,HNL,Spokane,GEG,FALSE,TRUE,,
AS,Honolulu,HNL,Los Angeles,LAX,TRUE,TRUE,,
AS,Honolulu,HNL,Medford,MFR,FALSE,TRUE,,
AS,Honolulu,HNL,Minneapolis–Saint Paul,MSP,FALSE,TRUE,,
AS,Honolulu,HNL,Oakland,OAK,FALSE,TRUE,,
AS,Honolulu,HNL,Chicago,ORD,FALSE,TRUE,,
AS,Honolulu,HNL,Everett,PAE,TRUE,TRUE,TRUE,
AS,Honolulu,HNL,Portland,PDX,TRUE,TRUE,,
AS,Honolulu,HNL,Pittsburgh,PIT,FALSE,TRUE,,
AS,Honolulu,HNL,Pasco,PSC,FALSE,TRUE,,
AS,Honolulu,HNL,Pullman,PUW,FALSE,TRUE,,
AS,Honolulu,HNL,Redding,RDD,FALSE,TRUE,,
AS,Honolulu,HNL,Redmond,RDM,FALSE,TRUE,,
AS,Honolulu,HNL,San Luis Obispo,SBP,FALSE,TRUE,,
AS,Honolulu,HNL,Seattle,SEA,TRUE,TRUE,,
AS,Honolulu,HNL,San Francisco,SFO,TRUE,TRUE,,
AS,Honolulu,HNL,San Jose (CA),SJC,TRUE,TRUE,,
AS,Honolulu,HNL,Salt Lake City,SLC,FALSE,TRUE,,
AS,Honolulu,HNL,Yakima,YKM,FALSE,TRUE,,
AS,Honolulu,HNL,Vancouver,YVR,FALSE,TRUE,,
AS,"Washington, D.C.",IAD,Anchorage,ANC,FALSE,TRUE,,
AS,"Washington, D.C.",IAD,Spokane,GEG,FALSE,TRUE,,
AS,"Washington, D.C.",IAD,Los Angeles,LAX,TRUE,TRUE,,
AS,"Washington, D.C.",IAD,Seattle,SEA,TRUE,TRUE,,
AS,"Washington, D.C.",IAD,San Francisco,SFO,TRUE,TRUE,,
AS,"Washington, D.C.",IAD,San Diego,SAN,TRUE,TRUE,,
AS,Houston,IAH,Anchorage,ANC,FALSE,TRUE,,
AS,Houston,IAH,Belize City,BZE,FALSE,FALSE,,
AS,Houston,IAH,Bozeman,BZN,FALSE,TRUE,,
AS,Houston,IAH,Fairbanks,FAI,FALSE,TRUE,,
AS,Houston,IAH,Spokane,GEG,FALSE,TRUE,,
AS,Houston,IAH,Los Angeles,LAX,FALSE,TRUE,,
AS,Houston,IAH,Oakland,OAK,FALSE,TRUE,,
AS,Houston,IAH,Ontario,ONT,FALSE,TRUE,,
AS,Houston,IAH,Chicago,ORD,FALSE,TRUE,,
AS,Houston,IAH,Seattle,SEA,TRUE,TRUE,,
AS,Houston,IAH,San Francisco,SFO,FALSE,TRUE,,
AS,Houston,IAH,Santa Ana,SNA,FALSE,TRUE,,
AS,Houston,IAH,Victoria,YYJ,FALSE,TRUE,,
AS,Houston,IAH,Portland,PDX,TRUE,TRUE,,5/15/2025
AS,,ICN,,SEA,TRUE,TRUE,,9/13/2025
AS,Wichita,ICT,Seattle,SEA,TRUE,TRUE,,
AS,Idaho Falls,IDA,Boise,BOI,FALSE,FALSE,,
AS,Idaho Falls,IDA,Seattle,SEA,TRUE,TRUE,,
AS,Indianapolis,IND,Anchorage,ANC,FALSE,TRUE,,
AS,Indianapolis,IND,Portland,PDX,FALSE,TRUE,,
AS,Indianapolis,IND,Seattle,SEA,TRUE,TRUE,,
AS,Indianapolis,IND,Saint Louis,STL,FALSE,TRUE,,
AS,Jackson Hole,JAC,San Diego,SAN,TRUE,TRUE,TRUE,
AS,Jackson Hole,JAC,Seattle,SEA,TRUE,TRUE,,
AS,Jackson Hole,JAC,San Francisco,SFO,TRUE,TRUE,TRUE,
AS,Jackson Hole,JAC,,LAX,TRUE,TRUE,TRUE,
AS,Jackson Hole,JAC,San Jose (CA),SJC,FALSE,TRUE,,
AS,New York,JFK,Anchorage,ANC,TRUE,TRUE,TRUE,
AS,New York,JFK,Fairbanks,FAI,FALSE,TRUE,,
AS,New York,JFK,Spokane,GEG,FALSE,TRUE,,
AS,New York,JFK,Las Vegas,LAS,FALSE,TRUE,,
AS,New York,JFK,Los Angeles,LAX,FALSE,TRUE,,
AS,New York,JFK,Oakland,OAK,FALSE,TRUE,,
AS,New York,JFK,Portland,PDX,TRUE,TRUE,,
AS,New York,JFK,Palm Springs,PSP,TRUE,TRUE,TRUE,
AS,New York,JFK,Puerto Vallarta,PVR,TRUE,TRUE,TRUE,1/8/2025
AS,New York,JFK,Redding,RDD,FALSE,TRUE,,
AS,New York,JFK,Seattle,SEA,TRUE,TRUE,,
AS,New York,JFK,San Francisco,SFO,TRUE,TRUE,,
AS,New York,JFK,San Jose (CA),SJC,FALSE,TRUE,,
AS,New York,JFK,Vancouver,YVR,FALSE,TRUE,,
AS,New York,JFK,San Diego,SAN,TRUE,TRUE,,
AS,Juneau,JNU,Anchorage,ANC,TRUE,TRUE,,
AS,Juneau,JNU,Bozeman,BZN,FALSE,TRUE,,
AS,Juneau,JNU,Denver,DEN,FALSE,TRUE,,
AS,Juneau,JNU,Fairbanks,FAI,FALSE,TRUE,,
AS,Juneau,JNU,Spokane,GEG,FALSE,TRUE,,
AS,Juneau,JNU,Gustavus,GST,TRUE,TRUE,TRUE,
AS,Juneau,JNU,Ketchikan,KTN,TRUE,TRUE,,
AS,Juneau,JNU,Ontario,ONT,FALSE,TRUE,,
AS,Juneau,JNU,Portland,PDX,FALSE,TRUE,,
AS,Juneau,JNU,Petersburg,PSG,TRUE,TRUE,,
AS,Juneau,JNU,Redding,RDD,FALSE,TRUE,,
AS,Juneau,JNU,Reno,RNO,FALSE,TRUE,,
AS,Juneau,JNU,Seattle,SEA,TRUE,TRUE,,
AS,Juneau,JNU,Sitka,SIT,TRUE,TRUE,,
AS,Juneau,JNU,Salt Lake City,SLC,FALSE,TRUE,,
AS,Juneau,JNU,Sacramento,SMF,FALSE,TRUE,,
AS,Juneau,JNU,Santa Rosa,STS,FALSE,TRUE,,
AS,Juneau,JNU,Yakutat,YAK,TRUE,TRUE,,
AS,Kona,KOA,San Diego,SAN,TRUE,TRUE,,
AS,Kona,KOA,Anchorage,ANC,TRUE,TRUE,TRUE,
AS,Kona,KOA,Bellingham,BLI,FALSE,TRUE,,
AS,Kona,KOA,Boise,BOI,FALSE,TRUE,,
AS,Kona,KOA,Wenatchee,EAT,FALSE,TRUE,,
AS,Kona,KOA,Eugene,EUG,FALSE,TRUE,,
AS,Kona,KOA,Spokane,GEG,FALSE,TRUE,,
AS,Kona,KOA,Los Angeles,LAX,FALSE,TRUE,,
AS,Kona,KOA,Medford,MFR,FALSE,TRUE,,
AS,Kona,KOA,Oakland,OAK,FALSE,TRUE,,
AS,Kona,KOA,Portland,PDX,TRUE,TRUE,,
AS,Kona,KOA,Pasco,PSC,FALSE,TRUE,,
AS,Kona,KOA,Pullman,PUW,FALSE,TRUE,,
AS,Kona,KOA,Redding,RDD,FALSE,TRUE,,
AS,Kona,KOA,Redmond,RDM,FALSE,TRUE,,
AS,Kona,KOA,Seattle,SEA,TRUE,TRUE,,
AS,Kona,KOA,San Jose (CA),SJC,TRUE,TRUE,,
AS,Kona,KOA,Salt Lake City,SLC,FALSE,TRUE,,
AS,Kona,KOA,Yakima,YKM,FALSE,TRUE,,
AS,Ketchikan,KTN,Anchorage,ANC,FALSE,TRUE,,
AS,Ketchikan,KTN,Bozeman,BZN,FALSE,TRUE,,
AS,Ketchikan,KTN,Juneau,JNU,TRUE,TRUE,,
AS,Ketchikan,KTN,Ontario,ONT,FALSE,TRUE,,
AS,Ketchikan,KTN,Portland,PDX,FALSE,TRUE,,
AS,Ketchikan,KTN,Redding,RDD,FALSE,TRUE,,
AS,Ketchikan,KTN,Reno,RNO,FALSE,TRUE,,
AS,Ketchikan,KTN,Seattle,SEA,TRUE,TRUE,,
AS,Ketchikan,KTN,Sitka,SIT,TRUE,TRUE,,
AS,Ketchikan,KTN,Sacramento,SMF,FALSE,TRUE,,
AS,Ketchikan,KTN,Santa Rosa,STS,FALSE,TRUE,,
AS,Ketchikan,KTN,Wrangell,WRG,TRUE,TRUE,,
AS,La Paz,LAP,Los Angeles,LAX,TRUE,TRUE,,11/20/2024
AS,Las Vegas,LAS,San Diego,SAN,TRUE,TRUE,,10/1/2024
AS,Las Vegas,LAS,Anchorage,ANC,TRUE,TRUE,,
AS,Las Vegas,LAS,Boise,BOI,FALSE,TRUE,,
AS,Las Vegas,LAS,Dallas,DFW,FALSE,TRUE,,
AS,Las Vegas,LAS,Fairbanks,FAI,FALSE,TRUE,,
AS,Las Vegas,LAS,Spokane,GEG,FALSE,TRUE,,
AS,Las Vegas,LAS,New York,JFK,FALSE,TRUE,,
AS,Las Vegas,LAS,Los Angeles,LAX,TRUE,TRUE,,
AS,Las Vegas,LAS,Everett,PAE,TRUE,TRUE,,
AS,Las Vegas,LAS,Portland,PDX,TRUE,TRUE,,
AS,Las Vegas,LAS,Pasco,PSC,FALSE,TRUE,,
AS,Las Vegas,LAS,Puerto Vallarta,PVR,TRUE,TRUE,TRUE,
AS,Las Vegas,LAS,Redding,RDD,FALSE,TRUE,,
AS,Las Vegas,LAS,Redmond,RDM,FALSE,TRUE,,
AS,Las Vegas,LAS,San Luis Obispo,SBP,TRUE,TRUE,,
AS,Las Vegas,LAS,Seattle,SEA,TRUE,TRUE,,
AS,Las Vegas,LAS,San Francisco,SFO,TRUE,TRUE,,
AS,Las Vegas,LAS,San Jose (CA),SJC,FALSE,TRUE,,
AS,Las Vegas,LAS,Cabo San Lucas,SJD,TRUE,TRUE,TRUE,
AS,Las Vegas,LAS,Santa Rosa,STS,TRUE,TRUE,,10/1/2024
AS,Los Angeles,LAX,Anchorage,ANC,TRUE,TRUE,,
AS,Los Angeles,LAX,Austin,AUS,FALSE,TRUE,,
AS,Los Angeles,LAX,Baltimore,BWI,FALSE,TRUE,,
AS,Los Angeles,LAX,Belize City,BZE,TRUE,TRUE,,
AS,Los Angeles,LAX,Boise,BOI,TRUE,TRUE,,
AS,Los Angeles,LAX,Boston,BOS,FALSE,TRUE,,
AS,Los Angeles,LAX,Bozeman,BZN,FALSE,TRUE,,
AS,Los Angeles,LAX,Cabo San Lucas,SJD,TRUE,TRUE,,
AS,Los Angeles,LAX,Cancun,CUN,TRUE,TRUE,,
AS,Los Angeles,LAX,Chicago,ORD,FALSE,TRUE,,
AS,Los Angeles,LAX,Columbus,CMH,FALSE,TRUE,,
AS,Los Angeles,LAX,Dallas,DFW,FALSE,TRUE,,
AS,Los Angeles,LAX,Eugene,EUG,TRUE,TRUE,,
AS,Los Angeles,LAX,Everett,PAE,TRUE,TRUE,,
AS,Los Angeles,LAX,Fairbanks,FAI,FALSE,TRUE,,
AS,Los Angeles,LAX,Fort Lauderdale,FLL,TRUE,TRUE,TRUE,12/19/2024
AS,Los Angeles,LAX,Fort Myers,RSW,FALSE,TRUE,TRUE,
AS,Los Angeles,LAX,Fresno,FAT,FALSE,TRUE,,
AS,Los Angeles,LAX,Guadalajara,GDL,TRUE,TRUE,,
AS,Los Angeles,LAX,Guatemala City,GUA,TRUE,TRUE,,
AS,Los Angeles,LAX,Honolulu,HNL,TRUE,TRUE,,
AS,Los Angeles,LAX,Ixtapa-Zihuatanejo,ZIH,TRUE,TRUE,,
AS,Los Angeles,LAX,Kalispell,FCA,FALSE,TRUE,,
AS,Los Angeles,LAX,Kona,KOA,FALSE,TRUE,,
AS,Los Angeles,LAX,La Paz,LAP,TRUE,TRUE,,11/20/2024
AS,Los Angeles,LAX,Las Vegas,LAS,TRUE,TRUE,,
AS,Los Angeles,LAX,"Liberia, CR",LIR,TRUE,TRUE,,
AS,Los Angeles,LAX,Lihue,LIH,FALSE,TRUE,,
AS,Los Angeles,LAX,Loreto,LTO,TRUE,TRUE,,
AS,Los Angeles,LAX,Manzanillo,ZLO,TRUE,TRUE,,12/21/2024
AS,Los Angeles,LAX,Maui,OGG,TRUE,TRUE,,
AS,Los Angeles,LAX,Mazatlan,MZT,TRUE,TRUE,,
AS,Los Angeles,LAX,Medford,MFR,TRUE,TRUE,TRUE,
AS,Los Angeles,LAX,Missoula,MSO,TRUE,TRUE,TRUE,
AS,Los Angeles,LAX,Monterrey,MRY,TRUE,TRUE,,2/13/2025
AS,Los Angeles,LAX,Nassau,NAS,TRUE,TRUE,,
AS,Los Angeles,LAX,New York,JFK,FALSE,TRUE,,
AS,Los Angeles,LAX,Newark,EWR,TRUE,TRUE,,
AS,Los Angeles,LAX,Pasco,PSC,TRUE,TRUE,,10/1/2024
AS,Los Angeles,LAX,Philadelphia,PHL,FALSE,TRUE,,
AS,Los Angeles,LAX,Portland,PDX,TRUE,TRUE,,
AS,Los Angeles,LAX,Puerto Vallarta,PVR,TRUE,TRUE,,
AS,Los Angeles,LAX,Redmond,RDM,TRUE,TRUE,,
AS,Los Angeles,LAX,Reno,RNO,TRUE,TRUE,,10/1/2024
AS,Los Angeles,LAX,Salt Lake City,SLC,FALSE,TRUE,,
AS,Los Angeles,LAX,San Francisco,SFO,TRUE,TRUE,,
AS,Los Angeles,LAX,San Jose (CA),SJC,TRUE,TRUE,,
AS,Los Angeles,LAX,San Jose (CR),SJO,TRUE,TRUE,,
AS,Los Angeles,LAX,Santa Rosa,STS,TRUE,TRUE,,
AS,Los Angeles,LAX,Seattle,SEA,TRUE,TRUE,,
AS,Los Angeles,LAX,Spokane,GEG,TRUE,TRUE,,
AS,Los Angeles,LAX,Tampa,TPA,TRUE,TRUE,TRUE,
AS,Los Angeles,LAX,"Washington, D.C.",DCA,TRUE,TRUE,,
AS,Los Angeles,LAX,,JAC,TRUE,TRUE,TRUE,
AS,Los Angeles,LAX,,YLW,TRUE,TRUE,TRUE,12/19/2024
AS,Los Angeles,LAX,"Washington, D.C.",IAD,TRUE,TRUE,,
AS,Lihue,LIH,San Diego,SAN,TRUE,TRUE,,
AS,Lihue,LIH,Bellingham,BLI,FALSE,TRUE,,
AS,Lihue,LIH,Boise,BOI,FALSE,TRUE,,
AS,Lihue,LIH,Wenatchee,EAT,FALSE,TRUE,,
AS,Lihue,LIH,Eugene,EUG,FALSE,TRUE,,
AS,Lihue,LIH,Spokane,GEG,FALSE,TRUE,,
AS,Lihue,LIH,Los Angeles,LAX,FALSE,TRUE,,
AS,Lihue,LIH,Orlando,MCO,FALSE,TRUE,,
AS,Lihue,LIH,Medford,MFR,FALSE,TRUE,,
AS,Lihue,LIH,Oakland,OAK,FALSE,TRUE,,
AS,Lihue,LIH,Portland,PDX,TRUE,TRUE,TRUE,
AS,Lihue,LIH,Pittsburgh,PIT,FALSE,TRUE,,
AS,Lihue,LIH,Pasco,PSC,FALSE,TRUE,,
AS,Lihue,LIH,Pullman,PUW,FALSE,TRUE,,
AS,Lihue,LIH,Redding,RDD,FALSE,TRUE,,
AS,Lihue,LIH,Redmond,RDM,FALSE,TRUE,,
AS,Lihue,LIH,Raleigh,RDU,FALSE,TRUE,,
AS,Lihue,LIH,Seattle,SEA,TRUE,TRUE,,
AS,Lihue,LIH,San Francisco,SFO,FALSE,TRUE,,
AS,Lihue,LIH,San Jose (CA),SJC,TRUE,TRUE,,
AS,Lihue,LIH,Salt Lake City,SLC,FALSE,TRUE,,
AS,Lihue,LIH,Sacramento,SMF,FALSE,TRUE,,
AS,Lihue,LIH,Santa Rosa,STS,FALSE,TRUE,,
AS,Lihue,LIH,Yakima,YKM,FALSE,TRUE,,
AS,"Liberia, CR",LIR,,SFO,TRUE,TRUE,,12/21/2024
AS,"Liberia, CR",LIR,,LAX,TRUE,TRUE,,
AS,"Liberia, CR",LIR,Seattle,SEA,TRUE,TRUE,,12/21/2024
AS,Loreto,LTO,Los Angeles,LAX,TRUE,TRUE,,
AS,Loreto,LTO,San Francisco,SFO,TRUE,TRUE,TRUE,
AS,Kansas City,MCI,Anchorage,ANC,FALSE,TRUE,,
AS,Kansas City,MCI,Cancun,CUN,TRUE,TRUE,TRUE,
AS,Kansas City,MCI,Fairbanks,FAI,FALSE,TRUE,,
AS,Kansas City,MCI,Great Falls,GTF,FALSE,TRUE,,
AS,Kansas City,MCI,Honolulu,HNL,FALSE,TRUE,,
AS,Kansas City,MCI,Portland,PDX,TRUE,TRUE,,
AS,Kansas City,MCI,Puerto Vallarta,PVR,TRUE,TRUE,TRUE,1/25/2025
AS,Kansas City,MCI,Redding,RDD,FALSE,TRUE,,
AS,Kansas City,MCI,Seattle,SEA,TRUE,TRUE,,
AS,Kansas City,MCI,San Francisco,SFO,FALSE,TRUE,,
AS,Kansas City,MCI,Tucson,TUS,FALSE,TRUE,,
AS,Kansas City,MCI,Vancouver,YVR,FALSE,TRUE,,
AS,Orlando,MCO,Anchorage,ANC,FALSE,TRUE,,
AS,Orlando,MCO,Spokane,GEG,FALSE,TRUE,,
AS,Orlando,MCO,Lihue,LIH,FALSE,TRUE,,
AS,Orlando,MCO,Portland,PDX,TRUE,TRUE,,
AS,Orlando,MCO,Seattle,SEA,TRUE,TRUE,,
AS,Orlando,MCO,,SMF,TRUE,TRUE,TRUE,1/6/2025
AS,Orlando,MCO,,BOI,TRUE,TRUE,TRUE,1/7/2025
AS,Orlando,MCO,San Francisco,SFO,TRUE,TRUE,,
AS,Orlando,MCO,San Diego,SAN,TRUE,TRUE,,
AS,Medford,MFR,Anchorage,ANC,FALSE,TRUE,,
AS,Medford,MFR,Boise,BOI,FALSE,TRUE,,
AS,Medford,MFR,Columbus,CMH,FALSE,TRUE,,
AS,Medford,MFR,Fairbanks,FAI,FALSE,TRUE,,
AS,Medford,MFR,Honolulu,HNL,FALSE,TRUE,,
AS,Medford,MFR,Kona,KOA,FALSE,TRUE,,
AS,Medford,MFR,Los Angeles,LAX,TRUE,TRUE,TRUE,
AS,Medford,MFR,Lihue,LIH,FALSE,TRUE,,
AS,Medford,MFR,Maui,OGG,FALSE,TRUE,,
AS,Medford,MFR,Portland,PDX,TRUE,TRUE,,
AS,Medford,MFR,Phoenix,PHX,FALSE,TRUE,,
AS,Medford,MFR,Puerto Vallarta,PVR,FALSE,TRUE,,
AS,Medford,MFR,Redmond,RDM,FALSE,TRUE,,
AS,Medford,MFR,San Luis Obispo,SBP,FALSE,TRUE,,
AS,Medford,MFR,Seattle,SEA,TRUE,TRUE,,
AS,Medford,MFR,Santa Ana,SNA,FALSE,TRUE,,
AS,Medford,MFR,San Diego,SAN,TRUE,TRUE,,5/15/2025
AS,Miami,MIA,Portland,PDX,TRUE,TRUE,TRUE,
AS,Miami,MIA,Seattle,SEA,TRUE,TRUE,,
AS,Milwaukee,MKE,Portland,PDX,FALSE,TRUE,,
AS,Milwaukee,MKE,Seattle,SEA,TRUE,TRUE,,
AS,Monterey,MRY,San Diego,SAN,TRUE,TRUE,,
AS,Monterrey,MRY,Los Angeles,LAX,TRUE,TRUE,,2/13/2025
AS,Monterey,MRY,Seattle,SEA,TRUE,TRUE,,
AS,Missoula,MSO,San Diego,SAN,TRUE,TRUE,TRUE,
AS,Missoula,MSO,Los Angeles,LAX,TRUE,TRUE,TRUE,
AS,Missoula,MSO,Portland,PDX,TRUE,TRUE,,
AS,Missoula,MSO,Seattle,SEA,TRUE,TRUE,,
AS,Missoula,MSO,San Francisco,SFO,TRUE,TRUE,TRUE,
AS,Missoula,MSO,San Jose (CA),SJC,FALSE,TRUE,,
AS,Minneapolis–Saint Paul,MSP,San Diego,SAN,FALSE,TRUE,,
AS,Minneapolis–Saint Paul,MSP,Anchorage,ANC,TRUE,TRUE,TRUE,
AS,Minneapolis–Saint Paul,MSP,Boise,BOI,FALSE,TRUE,,
AS,Minneapolis–Saint Paul,MSP,Fairbanks,FAI,FALSE,TRUE,,
AS,Minneapolis–Saint Paul,MSP,Honolulu,HNL,FALSE,TRUE,,
AS,Minneapolis–Saint Paul,MSP,Juneau,JNU,FALSE,TRUE,,
AS,Minneapolis–Saint Paul,MSP,Portland,PDX,TRUE,TRUE,TRUE,
AS,Minneapolis–Saint Paul,MSP,Seattle,SEA,TRUE,TRUE,,
AS,New Orleans,MSY,Anchorage,ANC,FALSE,TRUE,,
AS,New Orleans,MSY,Dallas,DFW,FALSE,TRUE,,
AS,New Orleans,MSY,Portland,PDX,TRUE,TRUE,TRUE,1/6/2025
AS,New Orleans,MSY,Redding,RDD,FALSE,TRUE,,
AS,New Orleans,MSY,Seattle,SEA,TRUE,TRUE,,
AS,New Orleans,MSY,San Francisco,SFO,FALSE,TRUE,,
AS,Mazatlan,MZT,,LAX,TRUE,TRUE,,
AS,Mazatlan,MZT,San Francisco,SFO,TRUE,TRUE,TRUE,
AS,Nassau,NAS,Los Angeles,LAX,TRUE,TRUE,,
AS,Nassau,NAS,Seattle,SEA,TRUE,TRUE,TRUE,
AS,,NRT,,SEA,TRUE,TRUE,,5/12/2025
AS,Oakland,OAK,Anchorage,ANC,FALSE,TRUE,,
AS,Oakland,OAK,Bellingham,BLI,FALSE,TRUE,,
AS,Oakland,OAK,Spokane,GEG,FALSE,TRUE,,
AS,Oakland,OAK,Honolulu,HNL,FALSE,TRUE,,
AS,Oakland,OAK,New York,JFK,FALSE,TRUE,,
AS,Oakland,OAK,Kona,KOA,FALSE,TRUE,,
AS,Oakland,OAK,Lihue,LIH,FALSE,TRUE,,
AS,Oakland,OAK,Maui,OGG,FALSE,TRUE,,
AS,Oakland,OAK,Chicago,ORD,FALSE,TRUE,,
AS,Oakland,OAK,Portland,PDX,TRUE,TRUE,,
AS,Oakland,OAK,Seattle,SEA,TRUE,TRUE,,
AS,Oakland,OAK,Cabo San Lucas,SJD,FALSE,TRUE,,
AS,Oakland,OAK,Vancouver,YVR,FALSE,TRUE,,
AS,Maui,OGG,San Diego,SAN,TRUE,TRUE,,
AS,Maui,OGG,Anchorage,ANC,TRUE,TRUE,TRUE,
AS,Maui,OGG,Bellingham,BLI,FALSE,TRUE,,
AS,Maui,OGG,Boise,BOI,FALSE,TRUE,,
AS,Maui,OGG,Dallas,DFW,FALSE,TRUE,,
AS,Maui,OGG,Wenatchee,EAT,FALSE,TRUE,,
AS,Maui,OGG,Eugene,EUG,FALSE,TRUE,,
AS,Maui,OGG,Spokane,GEG,FALSE,TRUE,,
AS,Maui,OGG,Los Angeles,LAX,TRUE,TRUE,,
AS,Maui,OGG,Medford,MFR,FALSE,TRUE,,
AS,Maui,OGG,Oakland,OAK,FALSE,TRUE,,
AS,Maui,OGG,Chicago,ORD,FALSE,TRUE,,
AS,Maui,OGG,Portland,PDX,TRUE,TRUE,,
AS,Maui,OGG,Pasco,PSC,FALSE,TRUE,,
AS,Maui,OGG,Pullman,PUW,FALSE,TRUE,,
AS,Maui,OGG,Redding,RDD,FALSE,TRUE,,
AS,Maui,OGG,Redmond,RDM,FALSE,TRUE,,
AS,Maui,OGG,Seattle,SEA,TRUE,TRUE,,
AS,Maui,OGG,San Francisco,SFO,TRUE,TRUE,,
AS,Maui,OGG,San Jose (CA),SJC,TRUE,TRUE,,
AS,Maui,OGG,Salt Lake City,SLC,FALSE,TRUE,,
AS,Maui,OGG,Sacramento,SMF,FALSE,TRUE,,
AS,Maui,OGG,Yakima,YKM,FALSE,TRUE,,
AS,Oklahoma City,OKC,Anchorage,ANC,FALSE,TRUE,,
AS,Oklahoma City,OKC,Seattle,SEA,TRUE,TRUE,,
AS,Omaha,OMA,Anchorage,ANC,FALSE,TRUE,,
AS,Omaha,OMA,Portland,PDX,FALSE,TRUE,,
AS,Omaha,OMA,Seattle,SEA,TRUE,TRUE,,
AS,Nome,OME,Anchorage,ANC,TRUE,TRUE,,
AS,Nome,OME,Bozeman,BZN,FALSE,TRUE,,
AS,Nome,OME,Ontario,ONT,FALSE,TRUE,,
AS,Nome,OME,Kotzebue,OTZ,TRUE,TRUE,,
AS,Nome,OME,Redding,RDD,FALSE,TRUE,,
AS,Nome,OME,Reno,RNO,FALSE,TRUE,,
AS,Nome,OME,Seattle,SEA,FALSE,TRUE,,
AS,Nome,OME,Sacramento,SMF,FALSE,TRUE,,
AS,Nome,OME,Santa Rosa,STS,FALSE,TRUE,,
AS,Ontario,ONT,Anchorage,ANC,FALSE,TRUE,,
AS,Ontario,ONT,Bellingham,BLI,FALSE,TRUE,,
AS,Ontario,ONT,Nashville,BNA,FALSE,TRUE,,
AS,Ontario,ONT,Eugene,EUG,FALSE,TRUE,,
AS,Ontario,ONT,Spokane,GEG,FALSE,TRUE,,
AS,Ontario,ONT,Honolulu,HNL,FALSE,TRUE,,
AS,Ontario,ONT,New York,JFK,FALSE,TRUE,,
AS,Ontario,ONT,Kona,KOA,FALSE,TRUE,,
AS,Ontario,ONT,Lihue,LIH,FALSE,TRUE,,
AS,Ontario,ONT,Portland,PDX,TRUE,TRUE,,
AS,Ontario,ONT,Pasco,PSC,FALSE,TRUE,,
AS,Ontario,ONT,Redmond,RDM,FALSE,TRUE,,
AS,Ontario,ONT,Seattle,SEA,TRUE,TRUE,,
AS,Ontario,ONT,Vancouver,YVR,FALSE,TRUE,,
AS,Chicago,ORD,Anchorage,ANC,TRUE,TRUE,,
AS,Chicago,ORD,Boise,BOI,FALSE,TRUE,,
AS,Chicago,ORD,Fairbanks,FAI,FALSE,TRUE,,
AS,Chicago,ORD,Spokane,GEG,FALSE,TRUE,,
AS,Chicago,ORD,Honolulu,HNL,FALSE,TRUE,,
AS,Chicago,ORD,Los Angeles,LAX,FALSE,TRUE,,
AS,Chicago,ORD,Maui,OGG,FALSE,TRUE,,
AS,Chicago,ORD,Portland,PDX,TRUE,TRUE,,
AS,Chicago,ORD,San Luis Obispo,SBP,FALSE,TRUE,,
AS,Chicago,ORD,Seattle,SEA,TRUE,TRUE,,
AS,Chicago,ORD,San Francisco,SFO,TRUE,TRUE,,
AS,Chicago,ORD,Vancouver,YVR,FALSE,TRUE,,
AS,Chicago,ORD,Ixtapa-Zihuatanejo,ZIH,TRUE,TRUE,TRUE,
AS,Ontario,ORD,,SAN,TRUE,TRUE,,10/4/2025
AS,Kotzebue,OTZ,Anchorage,ANC,TRUE,TRUE,,
AS,Kotzebue,OTZ,Bozeman,BZN,FALSE,TRUE,,
AS,Kotzebue,OTZ,Nome,OME,TRUE,TRUE,,
AS,Kotzebue,OTZ,Ontario,ONT,FALSE,TRUE,,
AS,Kotzebue,OTZ,Redding,RDD,FALSE,TRUE,,
AS,Kotzebue,OTZ,Reno,RNO,FALSE,TRUE,,
AS,Kotzebue,OTZ,Seattle,SEA,FALSE,TRUE,,
AS,Kotzebue,OTZ,Sacramento,SMF,FALSE,TRUE,,
AS,Kotzebue,OTZ,Santa Rosa,STS,FALSE,TRUE,,
AS,Everett,PAE,San Diego,SAN,TRUE,TRUE,,
AS,Everett,PAE,Anchorage,ANC,TRUE,TRUE,,
AS,Everett,PAE,Boise,BOI,FALSE,TRUE,,
AS,Everett,PAE,Honolulu,HNL,TRUE,TRUE,TRUE,
AS,Everett,PAE,Las Vegas,LAS,TRUE,TRUE,,
AS,Everett,PAE,Los Angeles,LAX,TRUE,TRUE,,
AS,Everett,PAE,Portland,PDX,FALSE,FALSE,,
AS,Everett,PAE,Phoenix,PHX,TRUE,TRUE,,
AS,Everett,PAE,Palm Springs,PSP,TRUE,TRUE,TRUE,
AS,Everett,PAE,San Francisco,SFO,TRUE,TRUE,,
AS,Everett,PAE,San Jose (CA),SJC,FALSE,TRUE,,
AS,Everett,PAE,Santa Ana,SNA,TRUE,TRUE,,
AS,Everett,PAE,Tucson,TUS,FALSE,TRUE,,
AS,Portland,PDX,Albuquerque,ABQ,TRUE,TRUE,,
AS,Portland,PDX,Anchorage,ANC,TRUE,TRUE,,
AS,Portland,PDX,Atlanta,ATL,TRUE,TRUE,,10/1/2024
AS,Portland,PDX,Austin,AUS,TRUE,TRUE,,
AS,Portland,PDX,Billings,BIL,TRUE,TRUE,TRUE,
AS,Portland,PDX,Nashville,BNA,TRUE,TRUE,,
AS,Portland,PDX,Boise,BOI,TRUE,TRUE,,
AS,Portland,PDX,Boston,BOS,TRUE,TRUE,,
AS,Portland,PDX,Burbank,BUR,TRUE,TRUE,,
AS,Portland,PDX,Baltimore,BWI,FALSE,TRUE,,
AS,Portland,PDX,Bozeman,BZN,TRUE,TRUE,,
AS,Portland,PDX,Charleston,CHS,FALSE,TRUE,,
AS,Portland,PDX,Columbus,CMH,FALSE,TRUE,,
AS,Portland,PDX,Cancun,CUN,TRUE,TRUE,TRUE,
AS,Portland,PDX,"Washington, D.C.",DCA,TRUE,TRUE,,
AS,Portland,PDX,Denver,DEN,TRUE,TRUE,,
AS,Portland,PDX,Dallas,DFW,TRUE,TRUE,,
AS,Portland,PDX,Detroit,DTW,FALSE,TRUE,,
AS,Portland,PDX,Eugene,EUG,TRUE,TRUE,,5/15/2025
AS,Portland,PDX,Newark,EWR,TRUE,TRUE,,
AS,Portland,PDX,Fairbanks,FAI,TRUE,TRUE,,5/15/2025
AS,Portland,PDX,Fresno,FAT,TRUE,TRUE,,
AS,Portland,PDX,Kalispell,FCA,FALSE,TRUE,,
AS,Portland,PDX,Fort Lauderdale,FLL,TRUE,TRUE,TRUE,
AS,Portland,PDX,Guadalajara,GDL,FALSE,TRUE,,
AS,Portland,PDX,Spokane,GEG,TRUE,TRUE,,
AS,Portland,PDX,Honolulu,HNL,TRUE,TRUE,,
AS,Portland,PDX,Houston,IAH,TRUE,TRUE,,5/15/2025
AS,Portland,PDX,Indianapolis,IND,FALSE,TRUE,,
AS,Portland,PDX,New York,JFK,TRUE,TRUE,,
AS,Portland,PDX,Juneau,JNU,FALSE,TRUE,,
AS,Portland,PDX,Kona,KOA,TRUE,TRUE,,
AS,Portland,PDX,Ketchikan,KTN,FALSE,TRUE,,
AS,Portland,PDX,Las Vegas,LAS,TRUE,TRUE,,
AS,Portland,PDX,Los Angeles,LAX,TRUE,TRUE,,
AS,Portland,PDX,Lihue,LIH,TRUE,TRUE,TRUE,
AS,Portland,PDX,Kansas City,MCI,TRUE,TRUE,,
AS,Portland,PDX,Orlando,MCO,TRUE,TRUE,,
AS,Portland,PDX,Medford,MFR,TRUE,TRUE,,
AS,Portland,PDX,Miami,MIA,TRUE,TRUE,TRUE,
AS,Portland,PDX,Milwaukee,MKE,FALSE,TRUE,,
AS,Portland,PDX,Missoula,MSO,TRUE,TRUE,,
AS,Portland,PDX,Minneapolis–Saint Paul,MSP,TRUE,TRUE,TRUE,
AS,Portland,PDX,New Orleans,MSY,TRUE,TRUE,TRUE,1/6/2025
AS,Portland,PDX,Mazatlan,MZT,FALSE,TRUE,,
AS,Portland,PDX,Oakland,OAK,TRUE,TRUE,,
AS,Portland,PDX,Maui,OGG,TRUE,TRUE,,
AS,Portland,PDX,Omaha,OMA,FALSE,TRUE,,
AS,Portland,PDX,Ontario,ONT,TRUE,TRUE,,
AS,Portland,PDX,Chicago,ORD,TRUE,TRUE,,
AS,Portland,PDX,Everett,PAE,FALSE,FALSE,,
AS,Portland,PDX,Philadelphia,PHL,FALSE,TRUE,,
AS,Portland,PDX,Phoenix,PHX,TRUE,TRUE,,
AS,Portland,PDX,Pittsburgh,PIT,FALSE,TRUE,,
AS,Portland,PDX,Palm Springs,PSP,TRUE,TRUE,TRUE,
AS,Portland,PDX,Puerto Vallarta,PVR,TRUE,TRUE,TRUE,
AS,Portland,PDX,Redding,RDD,FALSE,TRUE,,
AS,Portland,PDX,Redmond,RDM,TRUE,TRUE,TRUE,
AS,Portland,PDX,Raleigh,RDU,FALSE,TRUE,,
AS,Portland,PDX,Reno,RNO,TRUE,TRUE,,
AS,Portland,PDX,San Diego,SAN,TRUE,TRUE,,
AS,Portland,PDX,San Antonio,SAT,FALSE,TRUE,,
AS,Portland,PDX,Santa Barbara,SBA,TRUE,TRUE,,
AS,Portland,PDX,San Luis Obispo,SBP,TRUE,TRUE,,
AS,Portland,PDX,Seattle,SEA,TRUE,TRUE,,
AS,Portland,PDX,San Francisco,SFO,TRUE,TRUE,,
AS,Portland,PDX,San Jose (CA),SJC,TRUE,TRUE,,
AS,Portland,PDX,Cabo San Lucas,SJD,TRUE,TRUE,,
AS,Portland,PDX,Salt Lake City,SLC,TRUE,TRUE,,
AS,Portland,PDX,Sacramento,SMF,TRUE,TRUE,,
AS,Portland,PDX,Santa Ana,SNA,TRUE,TRUE,,
AS,Portland,PDX,Saint Louis,STL,FALSE,TRUE,,
AS,Portland,PDX,Santa Rosa,STS,TRUE,TRUE,,
AS,Portland,PDX,Tampa,TPA,TRUE,TRUE,TRUE,
AS,Portland,PDX,Tucson,TUS,TRUE,TRUE,TRUE,
AS,Portland,PDX,Vancouver,YVR,TRUE,TRUE,TRUE,
AS,Portland,PDX,Ixtapa-Zihuatanejo,ZIH,FALSE,TRUE,,
AS,Philadelphia,PHL,Anchorage,ANC,FALSE,TRUE,,
AS,Philadelphia,PHL,Nashville,BNA,FALSE,TRUE,,
AS,Philadelphia,PHL,Denver,DEN,FALSE,TRUE,,
AS,Philadelphia,PHL,Juneau,JNU,FALSE,TRUE,,
AS,Philadelphia,PHL,Las Vegas,LAS,FALSE,TRUE,,
AS,Philadelphia,PHL,Los Angeles,LAX,FALSE,TRUE,,
AS,Philadelphia,PHL,Oakland,OAK,FALSE,TRUE,,
AS,Philadelphia,PHL,Portland,PDX,FALSE,TRUE,,
AS,Philadelphia,PHL,Phoenix,PHX,FALSE,TRUE,,
AS,Philadelphia,PHL,San Luis Obispo,SBP,FALSE,TRUE,,
AS,Philadelphia,PHL,Seattle,SEA,TRUE,TRUE,,
AS,Philadelphia,PHL,San Francisco,SFO,FALSE,TRUE,,
AS,Philadelphia,PHL,San Jose (CA),SJC,FALSE,TRUE,,
AS,Philadelphia,PHL,Vancouver,YVR,FALSE,TRUE,,
AS,Phoenix,PHX,Anchorage,ANC,TRUE,TRUE,,
AS,Phoenix,PHX,Boise,BOI,TRUE,TRUE,,
AS,Phoenix,PHX,Denver,DEN,FALSE,TRUE,,
AS,Phoenix,PHX,Fairbanks,FAI,FALSE,TRUE,,
AS,Phoenix,PHX,Spokane,GEG,FALSE,TRUE,,
AS,Phoenix,PHX,Everett,PAE,TRUE,TRUE,,
AS,Phoenix,PHX,Portland,PDX,TRUE,TRUE,,
AS,Phoenix,PHX,Pasco,PSC,FALSE,TRUE,,
AS,Phoenix,PHX,Seattle,SEA,TRUE,TRUE,,
AS,Phoenix,PHX,San Francisco,SFO,TRUE,TRUE,TRUE,
AS,,PHX,,SAN,TRUE,TRUE,,8/20/2025
AS,Pittsburgh,PIT,Anchorage,ANC,FALSE,TRUE,,
AS,Pittsburgh,PIT,Bellingham,BLI,FALSE,TRUE,,
AS,Pittsburgh,PIT,Boise,BOI,FALSE,TRUE,,
AS,Pittsburgh,PIT,Baltimore,BWI,TRUE,FALSE,,
AS,Pittsburgh,PIT,Fairbanks,FAI,FALSE,TRUE,,
AS,Pittsburgh,PIT,Spokane,GEG,FALSE,TRUE,,
AS,Pittsburgh,PIT,Honolulu,HNL,FALSE,TRUE,,
AS,Pittsburgh,PIT,Lihue,LIH,FALSE,TRUE,,
AS,Pittsburgh,PIT,Portland,PDX,FALSE,TRUE,,
AS,Pittsburgh,PIT,Seattle,SEA,TRUE,TRUE,,
AS,Pittsburgh,PIT,San Francisco,SFO,FALSE,TRUE,,
AS,Pittsburgh,PIT,Sacramento,SMF,FALSE,TRUE,,
AS,Pittsburgh,PIT,Vancouver,YVR,FALSE,TRUE,,
AS,Pasco,PSC,San Diego,SAN,FALSE,TRUE,,
AS,Pasco,PSC,Anchorage,ANC,FALSE,TRUE,,
AS,Pasco,PSC,Burbank,BUR,FALSE,TRUE,,
AS,Pasco,PSC,Baltimore,BWI,FALSE,TRUE,,
AS,Pasco,PSC,Denver,DEN,FALSE,TRUE,,
AS,Pasco,PSC,Honolulu,HNL,FALSE,TRUE,,
AS,Pasco,PSC,New York,JFK,FALSE,TRUE,,
AS,Pasco,PSC,Kona,KOA,FALSE,TRUE,,
AS,Pasco,PSC,Las Vegas,LAS,FALSE,TRUE,,
AS,Pasco,PSC,Los Angeles,LAX,TRUE,TRUE,,10/1/2024
AS,Pasco,PSC,Lihue,LIH,FALSE,TRUE,,
AS,Pasco,PSC,Maui,OGG,FALSE,TRUE,,
AS,Pasco,PSC,Ontario,ONT,FALSE,TRUE,,
AS,Pasco,PSC,Phoenix,PHX,FALSE,TRUE,,
AS,Pasco,PSC,Seattle,SEA,TRUE,TRUE,,
AS,Pasco,PSC,San Francisco,SFO,FALSE,TRUE,,
AS,Pasco,PSC,Santa Ana,SNA,FALSE,TRUE,,
AS,Petersburg,PSG,Bozeman,BZN,FALSE,TRUE,,
AS,Petersburg,PSG,Juneau,JNU,TRUE,TRUE,,
AS,Petersburg,PSG,Ontario,ONT,FALSE,TRUE,,
AS,Petersburg,PSG,Redding,RDD,FALSE,TRUE,,
AS,Petersburg,PSG,Reno,RNO,FALSE,TRUE,,
AS,Petersburg,PSG,Seattle,SEA,FALSE,TRUE,,
AS,Petersburg,PSG,Sacramento,SMF,FALSE,TRUE,,
AS,Petersburg,PSG,Santa Rosa,STS,FALSE,TRUE,,
AS,Petersburg,PSG,Wrangell,WRG,TRUE,TRUE,,
AS,Palm Springs,PSP,Anchorage,ANC,FALSE,TRUE,,
AS,Palm Springs,PSP,Austin,AUS,FALSE,TRUE,,
AS,Palm Springs,PSP,Boise,BOI,TRUE,TRUE,TRUE,
AS,Palm Springs,PSP,Spokane,GEG,FALSE,TRUE,,
AS,Palm Springs,PSP,New York,JFK,TRUE,TRUE,TRUE,
AS,Palm Springs,PSP,Everett,PAE,TRUE,TRUE,,
AS,Palm Springs,PSP,Portland,PDX,TRUE,TRUE,TRUE,
AS,Palm Springs,PSP,Reno,RNO,FALSE,TRUE,,
AS,Palm Springs,PSP,Seattle,SEA,TRUE,TRUE,,
AS,Palm Springs,PSP,San Francisco,SFO,TRUE,TRUE,,
AS,Palm Springs,PSP,San Jose (CA),SJC,FALSE,TRUE,,
AS,Pullman,PUW,Boise,BOI,TRUE,TRUE,,
AS,Pullman,PUW,Honolulu,HNL,FALSE,TRUE,,
AS,Pullman,PUW,Kona,KOA,FALSE,TRUE,,
AS,Pullman,PUW,Lihue,LIH,FALSE,TRUE,,
AS,Pullman,PUW,Maui,OGG,FALSE,TRUE,,
AS,Pullman,PUW,Seattle,SEA,TRUE,TRUE,,
AS,Puerto Vallarta,PVR,San Diego,SAN,TRUE,TRUE,,
AS,Puerto Vallarta,PVR,New York,JFK,TRUE,TRUE,TRUE,1/8/2025
AS,Puerto Vallarta,PVR,Las Vegas,LAS,TRUE,TRUE,TRUE,
AS,Puerto Vallarta,PVR,Los Angeles,LAX,TRUE,TRUE,,
AS,Puerto Vallarta,PVR,Kansas City,MCI,TRUE,TRUE,TRUE,1/25/2025
AS,Puerto Vallarta,PVR,Medford,MFR,FALSE,TRUE,,
AS,Puerto Vallarta,PVR,Portland,PDX,TRUE,TRUE,TRUE,
AS,Puerto Vallarta,PVR,Seattle,SEA,TRUE,TRUE,,
AS,Puerto Vallarta,PVR,San Francisco,SFO,TRUE,TRUE,,
AS,Puerto Vallarta,PVR,San Jose (CA),SJC,TRUE,TRUE,,
AS,Puerto Vallarta,PVR,Sacramento,SMF,TRUE,TRUE,TRUE,
AS,Puerto Vallarta,PVR,Saint Louis,STL,TRUE,TRUE,TRUE,1/25/2025
AS,Redding,RDD,San Diego,SAN,FALSE,TRUE,,
AS,Redding,RDD,Kodiak,ADQ,FALSE,TRUE,,
AS,Redding,RDD,King Salmon,AKN,FALSE,TRUE,,
AS,Redding,RDD,Anchorage,ANC,FALSE,TRUE,,
AS,Redding,RDD,Austin,AUS,FALSE,TRUE,,
AS,Redding,RDD,Bethel,BET,FALSE,TRUE,,
AS,Redding,RDD,Nashville,BNA,FALSE,TRUE,,
AS,Redding,RDD,Barrow,BRW,FALSE,TRUE,,
AS,Redding,RDD,Bozeman,BZN,FALSE,TRUE,,
AS,Redding,RDD,Cordova,CDV,FALSE,TRUE,,
AS,Redding,RDD,Denver,DEN,FALSE,TRUE,,
AS,Redding,RDD,Dallas,DFW,FALSE,TRUE,,
AS,Redding,RDD,Dillingham,DLG,FALSE,TRUE,,
AS,Redding,RDD,Newark,EWR,FALSE,TRUE,,
AS,Redding,RDD,Fairbanks,FAI,FALSE,TRUE,,
AS,Redding,RDD,Honolulu,HNL,FALSE,TRUE,,
AS,Redding,RDD,New York,JFK,FALSE,TRUE,,
AS,Redding,RDD,Juneau,JNU,FALSE,TRUE,,
AS,Redding,RDD,Kona,KOA,FALSE,TRUE,,
AS,Redding,RDD,Ketchikan,KTN,FALSE,TRUE,,
AS,Redding,RDD,Las Vegas,LAS,FALSE,TRUE,,
AS,Redding,RDD,Lihue,LIH,FALSE,TRUE,,
AS,Redding,RDD,Kansas City,MCI,FALSE,TRUE,,
AS,Redding,RDD,New Orleans,MSY,FALSE,TRUE,,
AS,Redding,RDD,Maui,OGG,FALSE,TRUE,,
AS,Redding,RDD,Nome,OME,FALSE,TRUE,,
AS,Redding,RDD,Kotzebue,OTZ,FALSE,TRUE,,
AS,Redding,RDD,Portland,PDX,FALSE,TRUE,,
AS,Redding,RDD,Petersburg,PSG,FALSE,TRUE,,
AS,Redding,RDD,Seattle,SEA,TRUE,TRUE,,
AS,Redding,RDD,Sitka,SIT,FALSE,TRUE,,
AS,Redding,RDD,Wrangell,WRG,FALSE,TRUE,,
AS,Redding,RDD,Yakutat,YAK,FALSE,TRUE,,
AS,Redmond,RDM,San Diego,SAN,TRUE,TRUE,,
AS,Redmond,RDM,Columbus,CMH,FALSE,TRUE,,
AS,Redmond,RDM,Honolulu,HNL,FALSE,TRUE,,
AS,Redmond,RDM,Kona,KOA,FALSE,TRUE,,
AS,Redmond,RDM,Las Vegas,LAS,FALSE,TRUE,,
AS,Redmond,RDM,Los Angeles,LAX,TRUE,TRUE,,
AS,Redmond,RDM,Lihue,LIH,FALSE,TRUE,,
AS,Redmond,RDM,Maui,OGG,FALSE,TRUE,,
AS,Redmond,RDM,Portland,PDX,TRUE,TRUE,TRUE,
AS,Redmond,RDM,San Luis Obispo,SBP,FALSE,TRUE,,
AS,Redmond,RDM,Seattle,SEA,TRUE,TRUE,,
AS,Redmond,RDM,San Francisco,SFO,TRUE,TRUE,,
AS,Redmond,RDM,San Jose (CA),SJC,FALSE,TRUE,,
AS,Redmond,RDM,Santa Ana,SNA,FALSE,TRUE,,
AS,Raleigh,RDU,Anchorage,ANC,FALSE,TRUE,,
AS,Raleigh,RDU,Fairbanks,FAI,FALSE,TRUE,,
AS,Raleigh,RDU,Kalispell,FCA,FALSE,TRUE,,
AS,Raleigh,RDU,Las Vegas,LAS,FALSE,,,
AS,Raleigh,RDU,Portland,PDX,FALSE,,,
AS,Raleigh,RDU,Seattle,SEA,TRUE,TRUE,,
AS,Raleigh,RDU,San Francisco,SFO,FALSE,,,
AS,Raleigh,RDU,San Jose (CA),SJC,FALSE,TRUE,,
AS,Raleigh,RDU,Salt Lake City,SLC,FALSE,TRUE,,
AS,Reno,RNO,San Diego,SAN,TRUE,TRUE,TRUE,12/19/2024
AS,Reno,RNO,Anchorage,ANC,FALSE,TRUE,,
AS,Reno,RNO,Barrow,BRW,FALSE,TRUE,,
AS,Reno,RNO,Bellingham,BLI,FALSE,TRUE,,
AS,Reno,RNO,Bethel,BET,FALSE,TRUE,,
AS,Reno,RNO,Boise,BOI,FALSE,TRUE,,
AS,Reno,RNO,Bozeman,BZN,FALSE,TRUE,,
AS,Reno,RNO,Cordova,CDV,FALSE,TRUE,,
AS,Reno,RNO,Dillingham,DLG,FALSE,TRUE,,
AS,Reno,RNO,Eugene,EUG,FALSE,TRUE,,
AS,Reno,RNO,Fairbanks,FAI,FALSE,TRUE,,
AS,Reno,RNO,Honolulu,HNL,FALSE,TRUE,,
AS,Reno,RNO,Juneau,JNU,FALSE,TRUE,,
AS,Reno,RNO,Ketchikan,KTN,FALSE,TRUE,,
AS,Reno,RNO,King Salmon,AKN,FALSE,TRUE,,
AS,Reno,RNO,Kodiak,ADQ,FALSE,TRUE,,
AS,Reno,RNO,Kotzebue,OTZ,FALSE,TRUE,,
AS,Reno,RNO,Los Angeles,LAX,TRUE,TRUE,,10/1/2024
AS,Reno,RNO,Nome,OME,FALSE,TRUE,,
AS,Reno,RNO,Palm Springs,PSP,FALSE,TRUE,,
AS,Reno,RNO,Petersburg,PSG,FALSE,TRUE,,
AS,Reno,RNO,Portland,PDX,TRUE,TRUE,,
AS,Reno,RNO,Redmond,RDM,FALSE,TRUE,,
AS,Reno,RNO,San Jose (CA),SJC,FALSE,TRUE,,
AS,Reno,RNO,Seattle,SEA,TRUE,TRUE,,
AS,Reno,RNO,Sitka,SIT,FALSE,TRUE,,
AS,Reno,RNO,Spokane,GEG,FALSE,TRUE,,
AS,Reno,RNO,Vancouver,YVR,FALSE,TRUE,,
AS,Reno,RNO,Wrangell,WRG,FALSE,TRUE,,
AS,Reno,RNO,Yakutat,YAK,FALSE,TRUE,,
AS,Fort Myers,RSW,Los Angeles,LAX,FALSE,TRUE,TRUE,
AS,Fort Myers,RSW,Seattle,SEA,TRUE,TRUE,TRUE,
AS,San Diego,SAN,Anchorage,ANC,TRUE,TRUE,TRUE,
AS,San Diego,SAN,Atlanta,ATL,TRUE,TRUE,,
AS,San Diego,SAN,Austin,AUS,TRUE,TRUE,,
AS,San Diego,SAN,Boise,BOI,TRUE,TRUE,,
AS,San Diego,SAN,Boston,BOS,TRUE,TRUE,,
AS,San Diego,SAN,Bozeman,BZN,TRUE,TRUE,TRUE,
AS,San Diego,SAN,Cancun,CUN,FALSE,TRUE,,
AS,San Diego,SAN,,DEN,TRUE,TRUE,,10/4/2025
AS,San Diego,SAN,Dallas,DFW,FALSE,TRUE,,
AS,San Diego,SAN,,EGE,TRUE,TRUE,TRUE,
AS,San Diego,SAN,Eugene,EUG,TRUE,TRUE,,
AS,San Diego,SAN,Newark,EWR,TRUE,TRUE,,
AS,San Diego,SAN,Fresno,FAT,TRUE,TRUE,,
AS,San Diego,SAN,Kalispell,FCA,TRUE,TRUE,TRUE,
AS,San Diego,SAN,Fort Lauderdale,FLL,TRUE,TRUE,TRUE,
AS,San Diego,SAN,Spokane,GEG,TRUE,TRUE,,
AS,San Diego,SAN,Steamboat Springs,HDN,TRUE,TRUE,TRUE,
AS,San Diego,SAN,Honolulu,HNL,TRUE,TRUE,,
AS,San Diego,SAN,"Washington, D.C.",IAD,TRUE,TRUE,,
AS,San Diego,SAN,Jackson Hole,JAC,TRUE,TRUE,TRUE,
AS,San Diego,SAN,New York,JFK,TRUE,TRUE,,
AS,San Diego,SAN,Kona,KOA,TRUE,TRUE,,
AS,San Diego,SAN,Las Vegas,LAS,TRUE,TRUE,,10/1/2024
AS,San Diego,SAN,Lihue,LIH,TRUE,TRUE,,
AS,San Diego,SAN,Orlando,MCO,TRUE,TRUE,,
AS,San Diego,SAN,Medford,MFR,TRUE,TRUE,,5/15/2025
AS,San Diego,SAN,Monterey,MRY,TRUE,TRUE,,
AS,San Diego,SAN,Missoula,MSO,TRUE,TRUE,TRUE,
AS,San Diego,SAN,Minneapolis–Saint Paul,MSP,FALSE,TRUE,,
AS,San Diego,SAN,Maui,OGG,TRUE,TRUE,,
AS,San Diego,SAN,,ORD,TRUE,TRUE,,10/4/2025
AS,San Diego,SAN,Everett,PAE,TRUE,TRUE,,
AS,San Diego,SAN,Portland,PDX,TRUE,TRUE,,
AS,San Diego,SAN,,PHX,TRUE,TRUE,,8/20/2025
AS,San Diego,SAN,Puerto Vallarta,PVR,TRUE,TRUE,,
AS,San Diego,SAN,Redding,RDD,FALSE,TRUE,,
AS,San Diego,SAN,Redmond,RDM,TRUE,TRUE,,
AS,San Diego,SAN,Reno,RNO,TRUE,TRUE,TRUE,
AS,San Diego,SAN,Santa Barbara,SBA,FALSE,TRUE,,
AS,San Diego,SAN,San Luis Obispo,SBP,TRUE,TRUE,,
AS,San Diego,SAN,Seattle,SEA,TRUE,TRUE,,
AS,San Diego,SAN,San Francisco,SFO,TRUE,TRUE,,
AS,San Diego,SAN,San Jose (CA),SJC,TRUE,TRUE,,
AS,San Diego,SAN,Cabo San Lucas,SJD,TRUE,TRUE,,
AS,San Diego,SAN,Salt Lake City,SLC,TRUE,TRUE,TRUE,
AS,San Diego,SAN,Sacramento,SMF,TRUE,TRUE,,
AS,San Diego,SAN,Santa Rosa,STS,TRUE,TRUE,,
AS,San Diego,SAN,Tampa,TPA,TRUE,TRUE,,
AS,San Diego,SAN,Vancouver,YVR,FALSE,TRUE,,
AS,San Antonio,SAT,Anchorage,ANC,FALSE,TRUE,,
AS,San Antonio,SAT,Portland,PDX,FALSE,TRUE,,
AS,San Antonio,SAT,Seattle,SEA,TRUE,TRUE,,
AS,Santa Barbara,SBA,Portland,PDX,TRUE,TRUE,,
AS,Santa Barbara,SBA,Seattle,SEA,TRUE,TRUE,,
AS,Santa Barbara,SBA,San Diego,SAN,FALSE,TRUE,,
AS,San Luis Obispo,SBP,Kodiak,ADQ,FALSE,TRUE,,
AS,San Luis Obispo,SBP,Anchorage,ANC,FALSE,TRUE,,
AS,San Luis Obispo,SBP,Boise,BOI,FALSE,TRUE,,
AS,San Luis Obispo,SBP,Boston,BOS,FALSE,TRUE,,
AS,San Luis Obispo,SBP,Bozeman,BZN,FALSE,TRUE,,
AS,San Luis Obispo,SBP,Dallas,DFW,FALSE,TRUE,,
AS,San Luis Obispo,SBP,Eugene,EUG,FALSE,TRUE,,
AS,San Luis Obispo,SBP,Spokane,GEG,FALSE,TRUE,,
AS,San Luis Obispo,SBP,Honolulu,HNL,FALSE,TRUE,,
AS,San Luis Obispo,SBP,Las Vegas,LAS,TRUE,TRUE,,
AS,San Luis Obispo,SBP,Medford,MFR,FALSE,TRUE,,
AS,San Luis Obispo,SBP,Chicago,ORD,FALSE,TRUE,,
AS,San Luis Obispo,SBP,Portland,PDX,TRUE,TRUE,,
AS,San Luis Obispo,SBP,Philadelphia,PHL,FALSE,TRUE,,
AS,San Luis Obispo,SBP,Redmond,RDM,FALSE,TRUE,,
AS,San Luis Obispo,SBP,Seattle,SEA,TRUE,TRUE,,
AS,San Luis Obispo,SBP,San Francisco,SFO,FALSE,TRUE,,
AS,San Luis Obispo,SBP,San Diego,SAN,TRUE,TRUE,,
AS,Prudhoe Bay,SCC,Anchorage,ANC,TRUE,TRUE,,
AS,Prudhoe Bay,SCC,Barrow,BRW,FALSE,TRUE,,
AS,Prudhoe Bay,SCC,Fairbanks,FAI,FALSE,TRUE,,
AS,Seattle,SEA,Adak,ADK,FALSE,TRUE,,
AS,Seattle,SEA,Albuquerque,ABQ,TRUE,TRUE,,
AS,Seattle,SEA,Anchorage,ANC,TRUE,TRUE,,
AS,Seattle,SEA,Atlanta,ATL,TRUE,TRUE,,
AS,Seattle,SEA,Austin,AUS,TRUE,TRUE,,
AS,Seattle,SEA,Baltimore,BWI,TRUE,TRUE,,
AS,Seattle,SEA,Belize City,BZE,TRUE,TRUE,TRUE,
AS,Seattle,SEA,Bellingham,BLI,TRUE,TRUE,,
AS,Seattle,SEA,Bethel,BET,FALSE,TRUE,,
AS,Seattle,SEA,Billings,BIL,TRUE,TRUE,,
AS,Seattle,SEA,Boise,BOI,TRUE,TRUE,,
AS,Seattle,SEA,Boston,BOS,TRUE,TRUE,,
AS,Seattle,SEA,Bozeman,BZN,TRUE,TRUE,,
AS,Seattle,SEA,Burbank,BUR,TRUE,TRUE,,
AS,Seattle,SEA,Cabo San Lucas,SJD,TRUE,TRUE,,
AS,Seattle,SEA,Calgary,YYC,TRUE,TRUE,,
AS,Seattle,SEA,Cancun,CUN,TRUE,TRUE,,
AS,Seattle,SEA,Charleston,CHS,TRUE,TRUE,,
AS,Seattle,SEA,Chicago,ORD,TRUE,TRUE,,
AS,Seattle,SEA,Cincinnati,CVG,TRUE,TRUE,,
AS,Seattle,SEA,Cleveland,CLE,TRUE,TRUE,,
AS,Seattle,SEA,Columbus,CMH,TRUE,TRUE,,
AS,Seattle,SEA,Cordova,CDV,FALSE,TRUE,,
AS,Seattle,SEA,Dallas,DAL,TRUE,TRUE,,
AS,Seattle,SEA,Dallas,DFW,TRUE,TRUE,,
AS,Seattle,SEA,Denver,DEN,TRUE,TRUE,,
AS,Seattle,SEA,Detroit,DTW,TRUE,TRUE,,
AS,Seattle,SEA,Dillingham,DLG,FALSE,TRUE,,
AS,Seattle,SEA,Edmonton,YEG,TRUE,TRUE,,
AS,Seattle,SEA,El Paso,ELP,TRUE,TRUE,,
AS,Seattle,SEA,Eugene,EUG,TRUE,TRUE,,
AS,Seattle,SEA,Fairbanks,FAI,TRUE,TRUE,,
AS,Seattle,SEA,Fort Lauderdale,FLL,TRUE,TRUE,,
AS,Seattle,SEA,Fort Myers,RSW,TRUE,TRUE,TRUE,
AS,Seattle,SEA,Fresno,FAT,TRUE,TRUE,,
AS,Seattle,SEA,Great Falls,GTF,TRUE,TRUE,,
AS,Seattle,SEA,Guadalajara,GDL,FALSE,TRUE,,
AS,Seattle,SEA,Helena,HLN,TRUE,TRUE,,
AS,Seattle,SEA,Honolulu,HNL,TRUE,TRUE,,
AS,Seattle,SEA,Houston,IAH,TRUE,TRUE,,
AS,Seattle,SEA,Idaho Falls,IDA,TRUE,TRUE,,
AS,Seattle,SEA,Indianapolis,IND,TRUE,TRUE,,
AS,Seattle,SEA,Jackson Hole,JAC,TRUE,TRUE,,
AS,Seattle,SEA,Juneau,JNU,TRUE,TRUE,,
AS,Seattle,SEA,Kalispell,FCA,TRUE,TRUE,,
AS,Seattle,SEA,Kansas City,MCI,TRUE,TRUE,,
AS,Seattle,SEA,Kelowna,YLW,TRUE,TRUE,,
AS,Seattle,SEA,Ketchikan,KTN,TRUE,TRUE,,
AS,Seattle,SEA,King Salmon,AKN,FALSE,TRUE,,
AS,Seattle,SEA,Kodiak,ADQ,FALSE,TRUE,,
AS,Seattle,SEA,Kona,KOA,TRUE,TRUE,,
AS,Seattle,SEA,Kotzebue,OTZ,FALSE,TRUE,,
AS,Seattle,SEA,Las Vegas,LAS,TRUE,TRUE,,
AS,Seattle,SEA,"Liberia, CR",LIR,TRUE,TRUE,TRUE,12/21/2024
AS,Seattle,SEA,Lihue,LIH,TRUE,TRUE,,
AS,Seattle,SEA,Los Angeles,LAX,TRUE,TRUE,,
AS,Seattle,SEA,Maui,OGG,TRUE,TRUE,,
AS,Seattle,SEA,Mazatlan,MZT,FALSE,TRUE,,
AS,Seattle,SEA,Medford,MFR,TRUE,TRUE,,
AS,Seattle,SEA,Miami,MIA,TRUE,TRUE,,
AS,Seattle,SEA,Milwaukee,MKE,TRUE,TRUE,,
AS,Seattle,SEA,Minneapolis–Saint Paul,MSP,TRUE,TRUE,,
AS,Seattle,SEA,Missoula,MSO,TRUE,TRUE,,
AS,Seattle,SEA,Monterey,MRY,TRUE,TRUE,,
AS,Seattle,SEA,Nashville,BNA,TRUE,TRUE,,
AS,Seattle,SEA,Nassau,NAS,TRUE,TRUE,,
AS,Seattle,SEA,New Orleans,MSY,TRUE,TRUE,,
AS,Seattle,SEA,New York,JFK,TRUE,TRUE,,
AS,Seattle,SEA,Newark,EWR,TRUE,TRUE,,
AS,Seattle,SEA,Nome,OME,FALSE,TRUE,,
AS,Seattle,SEA,Oakland,OAK,TRUE,TRUE,,
AS,Seattle,SEA,Oklahoma City,OKC,TRUE,TRUE,,
AS,Seattle,SEA,Omaha,OMA,TRUE,TRUE,,
AS,Seattle,SEA,Ontario,ONT,TRUE,TRUE,,
AS,Seattle,SEA,Orlando,MCO,TRUE,TRUE,,
AS,Seattle,SEA,Palm Springs,PSP,TRUE,TRUE,,
AS,Seattle,SEA,Pasco,PSC,TRUE,TRUE,,
AS,Seattle,SEA,Petersburg,PSG,FALSE,TRUE,,
AS,Seattle,SEA,Philadelphia,PHL,TRUE,TRUE,,
AS,Seattle,SEA,Phoenix,PHX,TRUE,TRUE,,
AS,Seattle,SEA,Pittsburgh,PIT,TRUE,TRUE,,
AS,Seattle,SEA,Portland,PDX,TRUE,TRUE,,
AS,Seattle,SEA,Puerto Vallarta,PVR,TRUE,TRUE,,
AS,Seattle,SEA,Pullman,PUW,TRUE,TRUE,,
AS,Seattle,SEA,Raleigh,RDU,TRUE,TRUE,,
AS,Seattle,SEA,Redding,RDD,TRUE,TRUE,,
AS,Seattle,SEA,Redmond,RDM,TRUE,TRUE,,
AS,Seattle,SEA,Reno,RNO,TRUE,TRUE,,
AS,Seattle,SEA,Sacramento,SMF,TRUE,TRUE,,
AS,Seattle,SEA,Saint Louis,STL,TRUE,TRUE,,
AS,Seattle,SEA,Salt Lake City,SLC,TRUE,TRUE,,
AS,Seattle,SEA,San Antonio,SAT,TRUE,TRUE,,
AS,Seattle,SEA,San Diego,SAN,TRUE,TRUE,,
AS,Seattle,SEA,San Francisco,SFO,TRUE,TRUE,,
AS,Seattle,SEA,San Jose (CA),SJC,TRUE,TRUE,,
AS,Seattle,SEA,"San Jose, CR",SJO,FALSE,TRUE,,
AS,Seattle,SEA,San Luis Obispo,SBP,TRUE,TRUE,,
AS,Seattle,SEA,Santa Ana,SNA,TRUE,TRUE,,
AS,Seattle,SEA,Santa Barbara,SBA,TRUE,TRUE,,
AS,Seattle,SEA,Santa Rosa,STS,TRUE,TRUE,,
AS,Seattle,SEA,Sitka,SIT,TRUE,TRUE,TRUE,
AS,Seattle,SEA,Spokane,GEG,TRUE,TRUE,,
AS,Seattle,SEA,Steamboat Springs,HDN,TRUE,TRUE,TRUE,
AS,Seattle,SEA,Sun Valley,SUN,TRUE,TRUE,,
AS,Seattle,SEA,Tampa,TPA,TRUE,TRUE,,
AS,Seattle,SEA,Toronto,YYZ,TRUE,TRUE,,
AS,Seattle,SEA,Tucson,TUS,TRUE,TRUE,,
AS,Seattle,SEA,Vancouver,YVR,TRUE,TRUE,,
AS,Seattle,SEA,Victoria,YYJ,TRUE,TRUE,,
AS,Seattle,SEA,Walla Walla,ALW,TRUE,TRUE,,
AS,Seattle,SEA,"Washington, D.C.",DCA,TRUE,TRUE,,
AS,Seattle,SEA,"Washington, D.C.",IAD,TRUE,TRUE,,
AS,Seattle,SEA,Wenatchee,EAT,TRUE,TRUE,,
AS,Seattle,SEA,Wichita,ICT,TRUE,TRUE,,
AS,Seattle,SEA,Wrangell,WRG,FALSE,TRUE,,
AS,Seattle,SEA,Yakima,YKM,TRUE,TRUE,,
AS,Seattle,SEA,Yakutat,YAK,FALSE,TRUE,,
AS,Seattle,SEA,,NRT,TRUE,TRUE,,5/12/2025
AS,Seattle,SEA,,ICN,TRUE,TRUE,,9/13/2025
AS,San Francisco,SFO,San Diego,SAN,TRUE,TRUE,,
AS,San Francisco,SFO,Albuquerque,ABQ,FALSE,TRUE,,
AS,San Francisco,SFO,Anchorage,ANC,TRUE,TRUE,TRUE,
AS,San Francisco,SFO,Austin,AUS,TRUE,TRUE,,
AS,San Francisco,SFO,Nashville,BNA,FALSE,TRUE,,
AS,San Francisco,SFO,Boise,BOI,TRUE,TRUE,,
AS,San Francisco,SFO,Boston,BOS,TRUE,TRUE,,
AS,San Francisco,SFO,Burbank,BUR,TRUE,TRUE,,
AS,San Francisco,SFO,Baltimore,BWI,FALSE,TRUE,,
AS,San Francisco,SFO,Bozeman,BZN,TRUE,TRUE,TRUE,
AS,San Francisco,SFO,Columbus,CMH,FALSE,TRUE,,
AS,San Francisco,SFO,Cancun,CUN,TRUE,TRUE,TRUE,
AS,San Francisco,SFO,"Washington, D.C.",DCA,TRUE,TRUE,,
AS,San Francisco,SFO,Denver,DEN,FALSE,TRUE,,
AS,San Francisco,SFO,Dallas,DFW,FALSE,TRUE,,
AS,San Francisco,SFO,Newark,EWR,TRUE,TRUE,,
AS,San Francisco,SFO,Fort Lauderdale,FLL,TRUE,TRUE,TRUE,
AS,San Francisco,SFO,Spokane,GEG,TRUE,TRUE,,
AS,San Francisco,SFO,Honolulu,HNL,TRUE,TRUE,,
AS,San Francisco,SFO,"Washington, D.C.",IAD,TRUE,TRUE,,
AS,San Francisco,SFO,Jackson Hole,JAC,TRUE,TRUE,TRUE,
AS,San Francisco,SFO,New York,JFK,TRUE,TRUE,,
AS,San Francisco,SFO,Kona,KOA,FALSE,TRUE,,
AS,San Francisco,SFO,Las Vegas,LAS,TRUE,TRUE,,
AS,San Francisco,SFO,Los Angeles,LAX,TRUE,TRUE,,
AS,San Francisco,SFO,Lihue,LIH,FALSE,TRUE,,
AS,San Francisco,SFO,"Liberia, CR",LIR,TRUE,TRUE,TRUE,12/21/2024
AS,San Francisco,SFO,Loreto,LTO,TRUE,TRUE,TRUE,
AS,San Francisco,SFO,Kansas City,MCI,FALSE,TRUE,,
AS,San Francisco,SFO,Orlando,MCO,TRUE,TRUE,,
AS,San Francisco,SFO,Missoula,MSO,TRUE,TRUE,TRUE,
AS,San Francisco,SFO,New Orleans,MSY,FALSE,TRUE,,
AS,San Francisco,SFO,Mazatlan,MZT,TRUE,TRUE,TRUE,
AS,San Francisco,SFO,Maui,OGG,TRUE,TRUE,,
AS,San Francisco,SFO,Chicago,ORD,TRUE,TRUE,,
AS,San Francisco,SFO,Everett,PAE,TRUE,TRUE,,
AS,San Francisco,SFO,Portland,PDX,TRUE,TRUE,,
AS,San Francisco,SFO,Philadelphia,PHL,FALSE,TRUE,,
AS,San Francisco,SFO,Phoenix,PHX,TRUE,TRUE,TRUE,
AS,San Francisco,SFO,Pittsburgh,PIT,FALSE,TRUE,,
AS,San Francisco,SFO,Palm Springs,PSP,TRUE,TRUE,,
AS,San Francisco,SFO,Puerto Vallarta,PVR,TRUE,TRUE,,
AS,San Francisco,SFO,Redmond,RDM,TRUE,TRUE,,
AS,San Francisco,SFO,Raleigh,RDU,FALSE,TRUE,,
AS,San Francisco,SFO,San Luis Obispo,SBP,FALSE,TRUE,,
AS,San Francisco,SFO,Seattle,SEA,TRUE,TRUE,,
AS,San Francisco,SFO,Cabo San Lucas,SJD,TRUE,TRUE,,
AS,San Francisco,SFO,Salt Lake City,SLC,TRUE,TRUE,,
AS,San Francisco,SFO,Santa Ana,SNA,TRUE,TRUE,,
AS,San Francisco,SFO,Tampa,TPA,TRUE,TRUE,TRUE,
AS,San Francisco,SFO,Vancouver,YVR,FALSE,TRUE,,
AS,San Francisco,SFO,Victoria,YYJ,FALSE,TRUE,,
AS,San Francisco,SFO,Ixtapa-Zihuatanejo,ZIH,TRUE,TRUE,TRUE,
AS,Sitka,SIT,Anchorage,ANC,FALSE,TRUE,,
AS,Sitka,SIT,Bozeman,BZN,FALSE,TRUE,,
AS,Sitka,SIT,Denver,DEN,FALSE,TRUE,,
AS,Sitka,SIT,Juneau,JNU,TRUE,TRUE,,
AS,Sitka,SIT,Ketchikan,KTN,TRUE,TRUE,,
AS,Sitka,SIT,Ontario,ONT,FALSE,TRUE,,
AS,Sitka,SIT,Redding,RDD,FALSE,TRUE,,
AS,Sitka,SIT,Reno,RNO,FALSE,TRUE,,
AS,Sitka,SIT,Seattle,SEA,TRUE,TRUE,TRUE,
AS,Sitka,SIT,Sacramento,SMF,FALSE,TRUE,,
AS,Sitka,SIT,Santa Rosa,STS,FALSE,TRUE,,
AS,San Jose (CA),SJC,San Diego,SAN,TRUE,TRUE,,
AS,San Jose (CA),SJC,Anchorage,ANC,FALSE,TRUE,,
AS,San Jose (CA),SJC,Austin,AUS,FALSE,TRUE,,
AS,San Jose (CA),SJC,Boise,BOI,TRUE,TRUE,,
AS,San Jose (CA),SJC,Burbank,BUR,FALSE,TRUE,,
AS,San Jose (CA),SJC,Dallas,DFW,FALSE,TRUE,,
AS,San Jose (CA),SJC,Eugene,EUG,FALSE,TRUE,,
AS,San Jose (CA),SJC,Newark,EWR,FALSE,TRUE,,
AS,San Jose (CA),SJC,Guadalajara,GDL,TRUE,TRUE,,
AS,San Jose (CA),SJC,Spokane,GEG,FALSE,TRUE,,
AS,San Jose (CA),SJC,Honolulu,HNL,TRUE,TRUE,,
AS,San Jose (CA),SJC,Jackson Hole,JAC,FALSE,TRUE,,
AS,San Jose (CA),SJC,New York,JFK,FALSE,TRUE,,
AS,San Jose (CA),SJC,Kona,KOA,TRUE,TRUE,,
AS,San Jose (CA),SJC,Las Vegas,LAS,FALSE,TRUE,,
AS,San Jose (CA),SJC,Los Angeles,LAX,TRUE,TRUE,,
AS,San Jose (CA),SJC,Lihue,LIH,TRUE,TRUE,,
AS,San Jose (CA),SJC,Missoula,MSO,FALSE,TRUE,,
AS,San Jose (CA),SJC,Maui,OGG,TRUE,TRUE,,
AS,San Jose (CA),SJC,Everett,PAE,FALSE,TRUE,,
AS,San Jose (CA),SJC,Portland,PDX,TRUE,TRUE,,
AS,San Jose (CA),SJC,Palm Springs,PSP,FALSE,TRUE,,
AS,San Jose (CA),SJC,Puerto Vallarta,PVR,TRUE,TRUE,,
AS,San Jose (CA),SJC,Redmond,RDM,FALSE,TRUE,,
AS,San Jose (CA),SJC,Reno,RNO,FALSE,TRUE,,
AS,San Jose (CA),SJC,Seattle,SEA,TRUE,TRUE,,
AS,San Jose (CA),SJC,Cabo San Lucas,SJD,TRUE,TRUE,,
AS,San Jose (CA),SJC,Santa Ana,SNA,FALSE,TRUE,,
AS,San Jose (CA),SJC,Tucson,TUS,FALSE,TRUE,,
AS,San Jose (CA),SJC,Vancouver,YVR,FALSE,TRUE,,
AS,Cabo San Lucas,SJD,San Diego,SAN,TRUE,TRUE,,
AS,Cabo San Lucas,SJD,Las Vegas,LAS,TRUE,TRUE,TRUE,
AS,Cabo San Lucas,SJD,Los Angeles,LAX,TRUE,TRUE,,
AS,Cabo San Lucas,SJD,Portland,PDX,TRUE,TRUE,,
AS,Cabo San Lucas,SJD,Seattle,SEA,TRUE,TRUE,,
AS,Cabo San Lucas,SJD,San Francisco,SFO,TRUE,TRUE,,
AS,Cabo San Lucas,SJD,San Jose (CA),SJC,TRUE,TRUE,,
AS,Cabo San Lucas,SJD,Sacramento,SMF,TRUE,TRUE,TRUE,
AS,San Jose (CR),SJO,,LAX,TRUE,TRUE,,
AS,San Jose (CR),SJO,Seattle,SEA,FALSE,TRUE,,
AS,Salt Lake City,SLC,San Diego,SAN,TRUE,TRUE,TRUE,
AS,Salt Lake City,SLC,Anchorage,ANC,TRUE,TRUE,TRUE,
AS,Salt Lake City,SLC,Boise,BOI,FALSE,TRUE,,
AS,Salt Lake City,SLC,Fairbanks,FAI,FALSE,TRUE,,
AS,Salt Lake City,SLC,Spokane,GEG,FALSE,TRUE,,
AS,Salt Lake City,SLC,Honolulu,HNL,FALSE,TRUE,,
AS,Salt Lake City,SLC,Juneau,JNU,FALSE,TRUE,,
AS,Salt Lake City,SLC,Kona,KOA,FALSE,TRUE,,
AS,Salt Lake City,SLC,Los Angeles,LAX,FALSE,TRUE,,
AS,Salt Lake City,SLC,Lihue,LIH,FALSE,TRUE,,
AS,Salt Lake City,SLC,Maui,OGG,FALSE,TRUE,,
AS,Salt Lake City,SLC,Portland,PDX,TRUE,TRUE,,
AS,Salt Lake City,SLC,Seattle,SEA,TRUE,TRUE,,
AS,Salt Lake City,SLC,San Francisco,SFO,TRUE,TRUE,,
AS,Sacramento,SMF,San Diego,SAN,TRUE,TRUE,,
AS,Sacramento,SMF,Kodiak,ADQ,FALSE,TRUE,,
AS,Sacramento,SMF,King Salmon,AKN,FALSE,TRUE,,
AS,Sacramento,SMF,Bethel,BET,FALSE,TRUE,,
AS,Sacramento,SMF,Bellingham,BLI,FALSE,TRUE,,
AS,Sacramento,SMF,Boise,BOI,TRUE,TRUE,,
AS,Sacramento,SMF,Barrow,BRW,FALSE,TRUE,,
AS,Sacramento,SMF,Cordova,CDV,FALSE,TRUE,,
AS,Sacramento,SMF,Dillingham,DLG,FALSE,TRUE,,
AS,Sacramento,SMF,Fairbanks,FAI,FALSE,TRUE,,
AS,Sacramento,SMF,Spokane,GEG,FALSE,TRUE,,
AS,Sacramento,SMF,Juneau,JNU,FALSE,TRUE,,
AS,Sacramento,SMF,Kona,KOA,FALSE,TRUE,,
AS,Sacramento,SMF,Ketchikan,KTN,FALSE,TRUE,,
AS,Sacramento,SMF,Orlando,MCO,TRUE,TRUE,TRUE,1/6/2025
AS,Sacramento,SMF,Maui,OGG,FALSE,TRUE,,
AS,Sacramento,SMF,Nome,OME,FALSE,TRUE,,
AS,Sacramento,SMF,Kotzebue,OTZ,FALSE,TRUE,,
AS,Sacramento,SMF,Portland,PDX,TRUE,TRUE,,
AS,Sacramento,SMF,Pittsburgh,PIT,FALSE,TRUE,,
AS,Sacramento,SMF,Petersburg,PSG,FALSE,TRUE,,
AS,Sacramento,SMF,Puerto Vallarta,PVR,TRUE,TRUE,TRUE,1/11/2025
AS,Sacramento,SMF,Seattle,SEA,TRUE,TRUE,,
AS,Sacramento,SMF,Sitka,SIT,FALSE,TRUE,,
AS,Sacramento,SMF,Cabo San Lucas,SJD,TRUE,TRUE,TRUE,
AS,Sacramento,SMF,Tucson,TUS,TRUE,TRUE,TRUE,1/6/2025
AS,Sacramento,SMF,Wrangell,WRG,FALSE,TRUE,,
AS,Sacramento,SMF,Yakutat,YAK,FALSE,TRUE,,
AS,Sacramento,SMF,Anchorage,ANC,TRUE,TRUE,,6/14/2025
AS,Santa Ana,SNA,Albuquerque,ABQ,FALSE,TRUE,,
AS,Santa Ana,SNA,Anchorage,ANC,FALSE,TRUE,,
AS,Santa Ana,SNA,Bellingham,BLI,FALSE,TRUE,,
AS,Santa Ana,SNA,Boise,BOI,TRUE,TRUE,TRUE,12/19/2024
AS,Santa Ana,SNA,Bozeman,BZN,FALSE,TRUE,,
AS,Santa Ana,SNA,Eugene,EUG,FALSE,TRUE,,
AS,Santa Ana,SNA,Spokane,GEG,FALSE,TRUE,,
AS,Santa Ana,SNA,Medford,MFR,FALSE,TRUE,,
AS,Santa Ana,SNA,Everett,PAE,TRUE,TRUE,,
AS,Santa Ana,SNA,Portland,PDX,TRUE,TRUE,,
AS,Santa Ana,SNA,Pasco,PSC,FALSE,TRUE,,
AS,Santa Ana,SNA,Puerto Vallarta,PVR,FALSE,TRUE,,
AS,Santa Ana,SNA,Redmond,RDM,FALSE,TRUE,,
AS,Santa Ana,SNA,Seattle,SEA,TRUE,TRUE,,
AS,Santa Ana,SNA,San Francisco,SFO,TRUE,TRUE,,
AS,Santa Ana,SNA,San Jose (CA),SJC,FALSE,TRUE,,
AS,Santa Ana,SNA,Cabo San Lucas,SJD,FALSE,TRUE,,
AS,Santa Ana,SNA,Santa Rosa,STS,TRUE,TRUE,,
AS,Santa Ana,SNA,Tucson,TUS,TRUE,TRUE,TRUE,
AS,Santa Ana,SNA,Vancouver,YVR,FALSE,TRUE,,
AS,Saint Louis,STL,Anchorage,ANC,FALSE,TRUE,,
AS,Saint Louis,STL,Bellingham,BLI,FALSE,TRUE,,
AS,Saint Louis,STL,Fairbanks,FAI,FALSE,TRUE,,
AS,Saint Louis,STL,Indianapolis,IND,FALSE,TRUE,,
AS,Saint Louis,STL,Portland,PDX,FALSE,TRUE,,
AS,Saint Louis,STL,Puerto Vallarta,PVR,TRUE,TRUE,TRUE,1/25/2025
AS,Saint Louis,STL,Seattle,SEA,TRUE,TRUE,,
AS,Santa Rosa,STS,San Diego,SAN,TRUE,TRUE,,
AS,Santa Rosa,STS,Kodiak,ADQ,FALSE,TRUE,,
AS,Santa Rosa,STS,King Salmon,AKN,FALSE,TRUE,,
AS,Santa Rosa,STS,Anchorage,ANC,FALSE,TRUE,,
AS,Santa Rosa,STS,Bethel,BET,FALSE,TRUE,,
AS,Santa Rosa,STS,Barrow,BRW,FALSE,TRUE,,
AS,Santa Rosa,STS,Burbank,BUR,TRUE,TRUE,,
AS,Santa Rosa,STS,Cordova,CDV,FALSE,TRUE,,
AS,Santa Rosa,STS,Dillingham,DLG,FALSE,TRUE,,
AS,Santa Rosa,STS,Fairbanks,FAI,FALSE,TRUE,,
AS,Santa Rosa,STS,Juneau,JNU,FALSE,TRUE,,
AS,Santa Rosa,STS,Ketchikan,KTN,FALSE,TRUE,,
AS,Santa Rosa,STS,Las Vegas,LAS,TRUE,TRUE,,10/1/2024
AS,Santa Rosa,STS,Los Angeles,LAX,TRUE,TRUE,,
AS,Santa Rosa,STS,Nome,OME,FALSE,TRUE,,
AS,Santa Rosa,STS,Kotzebue,OTZ,FALSE,TRUE,,
AS,Santa Rosa,STS,Portland,PDX,TRUE,TRUE,,
AS,Santa Rosa,STS,Petersburg,PSG,FALSE,TRUE,,
AS,Santa Rosa,STS,Seattle,SEA,TRUE,TRUE,,
AS,Santa Rosa,STS,Sitka,SIT,FALSE,TRUE,,
AS,Santa Rosa,STS,Santa Ana,SNA,TRUE,TRUE,,
AS,Santa Rosa,STS,Wrangell,WRG,FALSE,TRUE,,
AS,Santa Rosa,STS,Yakutat,YAK,FALSE,TRUE,,
AS,Sun Valley,SUN,Seattle,SEA,TRUE,TRUE,,
AS,Tampa,TPA,San Diego,SAN,TRUE,TRUE,,
AS,Tampa,TPA,Anchorage,ANC,FALSE,TRUE,,
AS,Tampa,TPA,Los Angeles,LAX,TRUE,TRUE,TRUE,
AS,Tampa,TPA,Portland,PDX,TRUE,TRUE,TRUE,
AS,Tampa,TPA,Seattle,SEA,TRUE,TRUE,,
AS,Tampa,TPA,San Francisco,SFO,TRUE,TRUE,TRUE,
AS,Tucson,TUS,Everett,PAE,FALSE,TRUE,,
AS,Tucson,TUS,Portland,PDX,TRUE,TRUE,,
AS,Tucson,TUS,Seattle,SEA,TRUE,TRUE,TRUE,
AS,Tucson,TUS,San Jose (CA),SJC,FALSE,TRUE,,
AS,Tucson,TUS,Sacramento,SMF,TRUE,TRUE,TRUE,
AS,Tucson,TUS,Santa Ana,SNA,TRUE,TRUE,TRUE,
AS,Wrangell,WRG,Bozeman,BZN,FALSE,TRUE,,
AS,Wrangell,WRG,Ketchikan,KTN,TRUE,TRUE,,
AS,Wrangell,WRG,Ontario,ONT,FALSE,TRUE,,
AS,Wrangell,WRG,Petersburg,PSG,TRUE,TRUE,,
AS,Wrangell,WRG,Redding,RDD,FALSE,TRUE,,
AS,Wrangell,WRG,Reno,RNO,FALSE,TRUE,,
AS,Wrangell,WRG,Seattle,SEA,FALSE,TRUE,,
AS,Wrangell,WRG,Sacramento,SMF,FALSE,TRUE,,
AS,Wrangell,WRG,Santa Rosa,STS,FALSE,TRUE,,
AS,Yakutat,YAK,,CDV,TRUE,TRUE,,
AS,Yakutat,YAK,,JNU,TRUE,TRUE,,
AS,Yakutat,YAK,Seattle,SEA,FALSE,TRUE,,
AS,Edmonton,YEG,Seattle,SEA,TRUE,TRUE,,
AS,Yakutat,YKM,Bozeman,BZN,FALSE,TRUE,,
AS,Yakutat,YKM,Cordova,CDV,FALSE,TRUE,,
AS,Yakima,YKM,Honolulu,HNL,FALSE,TRUE,,
AS,Yakutat,YKM,Juneau,JNU,FALSE,TRUE,,
AS,Yakima,YKM,Kona,KOA,FALSE,TRUE,,
AS,Yakima,YKM,Lihue,LIH,FALSE,TRUE,,
AS,Yakima,YKM,Maui,OGG,FALSE,TRUE,,
AS,Yakutat,YKM,Ontario,ONT,FALSE,TRUE,,
AS,Yakutat,YKM,Redding,RDD,FALSE,TRUE,,
AS,Yakutat,YKM,Reno,RNO,FALSE,TRUE,,
AS,Yakima,YKM,Seattle,SEA,TRUE,TRUE,,
AS,Yakutat,YKM,Sacramento,SMF,FALSE,TRUE,,
AS,Yakutat,YKM,Santa Rosa,STS,FALSE,TRUE,,
AS,Kelowna,YLW,,LAX,TRUE,TRUE,TRUE,12/19/2024
AS,Kelowna,YLW,Seattle,SEA,TRUE,TRUE,,
AS,Vancouver,YVR,San Diego,SAN,FALSE,TRUE,,
AS,Vancouver,YVR,Dallas,DFW,FALSE,TRUE,,
AS,Vancouver,YVR,New York,JFK,FALSE,TRUE,,
AS,Vancouver,YVR,Los Angeles,LAX,FALSE,TRUE,,
AS,Vancouver,YVR,Ontario,ONT,FALSE,TRUE,,
AS,Vancouver,YVR,Portland,PDX,TRUE,TRUE,TRUE,
AS,Vancouver,YVR,Philadelphia,PHL,FALSE,TRUE,,
AS,Vancouver,YVR,Phoenix,PHX,FALSE,TRUE,,
AS,Vancouver,YVR,Seattle,SEA,TRUE,TRUE,,
AS,Vancouver,YVR,San Francisco,SFO,FALSE,TRUE,,
AS,Vancouver,YVR,Santa Ana,SNA,FALSE,TRUE,,
AS,Seattle,YYC,,SEA,TRUE,TRUE,,
AS,Victoria,YYJ,Houston,IAH,FALSE,TRUE,,
AS,Victoria,YYJ,Seattle,SEA,TRUE,TRUE,,
AS,Toronto,YYZ,Seattle,SEA,TRUE,TRUE,,
AS,Ixtapa-Zihuatanejo,ZIH,Los Angeles,LAX,TRUE,TRUE,,
AS,Ixtapa-Zihuatanejo,ZIH,Chicago,ORD,TRUE,TRUE,TRUE,
AS,Ixtapa-Zihuatanejo,ZIH,Portland,PDX,FALSE,TRUE,,
AS,Ixtapa-Zihuatanejo,ZIH,San Francisco,SFO,TRUE,TRUE,TRUE,
AS,,ZLO,,LAX,TRUE,TRUE,,12/21/2024